RID,Age,Gender,Region,BrandA_awareness,BrandA_usage,BrandA_affinity,BrandA_uniqueness,BrandA_dynamism,BrandB_awareness,BrandB_usage,BrandB_affinity,BrandB_uniqueness,BrandB_dynamism,BrandC_awareness,BrandC_usage,BrandC_affinity,BrandC_uniqueness,BrandC_dynamism
1,56,Female,West,0,,,,,1,1.0,5.0,5.0,1.0,1,0.0,4.0,1.0,2.0
2,69,Male,East,1,0.0,3.0,3.0,2.0,1,0.0,1.0,5.0,1.0,1,0.0,3.0,4.0,4.0
3,46,Male,West,0,,,,,1,0.0,1.0,3.0,1.0,2,,,,
4,32,Male,South,1,0.0,1.0,5.0,3.0,1,1.0,5.0,4.0,3.0,0,,,,
5,60,Male,North,1,0.0,1.0,4.0,4.0,0,,,,,1,1.0,3.0,3.0,5.0
6,25,Male,West,1,0.0,5.0,1.0,2.0,1,0.0,5.0,2.0,1.0,0,,,,
7,38,Male,West,1,1.0,3.0,5.0,2.0,0,,,,,1,1.0,4.0,1.0,2.0
8,76,Male,West,0,,,,,1,0.0,2.0,1.0,1.0,0,,,,
9,36,Male,West,2,0.0,2.0,3.0,3.0,0,,,,,1,1.0,2.0,2.0,1.0
10,40,Female,North,1,1.0,2.0,4.0,2.0,0,,,,,1,0.0,5.0,4.0,1.0
11,28,Female,North,1,1.0,3.0,5.0,4.0,1,1.0,5.0,1.0,3.0,1,0.0,3.0,4.0,1.0
12,28,Female,South,1,1.0,2.0,3.0,2.0,1,0.0,3.0,5.0,2.0,1,0.0,3.0,5.0,1.0
13,41,Female,North,1,0.0,5.0,4.0,5.0,1,1.0,1.0,4.0,2.0,1,1.0,1.0,3.0,1.0
14,53,Female,West,1,0.0,4.0,4.0,1.0,0,,,,,1,1.0,1.0,4.0,3.0
15,57,Male,South,0,,,,,1,1.0,5.0,3.0,3.0,0,,,,
16,41,Female,South,0,,,,,0,,,,,0,,,,
17,20,Female,South,1,0.0,3.0,2.0,1.0,1,1.0,2.0,5.0,5.0,0,,,,
18,39,Female,West,1,0.0,5.0,5.0,5.0,2,1.0,1.0,3.0,2.0,1,1.0,5.0,4.0,2.0
19,19,Male,East,0,,,,,2,1.0,4.0,3.0,1.0,0,,,,
20,41,Male,West,0,,,,,0,,,,,0,,,,
21,61,Male,North,0,,,,,1,0.0,2.0,3.0,4.0,1,1.0,2.0,4.0,5.0
22,47,Male,North,0,,,,,0,,,,,1,1.0,1.0,2.0,4.0
23,55,Female,West,1,0.0,2.0,4.0,5.0,1,1.0,1.0,1.0,3.0,1,0.0,4.0,4.0,1.0
24,19,Female,West,1,1.0,3.0,5.0,4.0,0,,,,,0,,,,
25,38,Male,South,1,0.0,3.0,4.0,5.0,1,1.0,1.0,2.0,1.0,0,,,,
26,50,Female,West,1,0.0,4.0,4.0,4.0,0,,,,,1,0.0,5.0,3.0,5.0
27,29,Female,South,1,0.0,2.0,1.0,5.0,1,1.0,5.0,5.0,3.0,0,,,,
28,39,Male,North,1,0.0,2.0,4.0,1.0,1,1.0,1.0,1.0,5.0,1,0.0,5.0,4.0,2.0
29,61,Male,South,1,0.0,5.0,4.0,2.0,1,1.0,5.0,2.0,5.0,1,1.0,1.0,5.0,2.0
30,42,Male,West,1,0.0,2.0,2.0,1.0,0,,,,,1,0.0,5.0,5.0,4.0
31,66,Male,North,1,0.0,5.0,5.0,1.0,1,1.0,1.0,2.0,2.0,0,,,,
32,44,Male,East,0,,,,,1,0.0,3.0,5.0,2.0,1,1.0,2.0,5.0,2.0
33,76,Male,South,1,1.0,3.0,5.0,3.0,1,1.0,1.0,4.0,2.0,1,1.0,4.0,3.0,1.0
34,45,Male,North,0,,,,,0,,,,,1,0.0,2.0,5.0,1.0
35,33,Male,South,1,0.0,1.0,5.0,2.0,1,1.0,5.0,3.0,1.0,0,,,,
36,32,Female,North,0,,,,,1,0.0,4.0,2.0,2.0,0,,,,
37,64,Male,North,0,,,,,0,,,,,2,,,,
38,68,Female,South,1,0.0,1.0,4.0,3.0,0,,,,,1,0.0,5.0,1.0,5.0
39,61,Male,East,0,,,,,1,0.0,10.0,1.0,4.0,1,0.0,3.0,1.0,4.0
40,69,Female,North,1,1.0,1.0,1.0,5.0,0,,,,,1,0.0,1.0,5.0,4.0
41,20,Male,North,0,,,,,0,,,,,1,0.0,1.0,4.0,4.0
42,54,Male,North,1,0.0,5.0,5.0,4.0,1,0.0,4.0,2.0,3.0,1,1.0,5.0,4.0,5.0
43,68,Female,East,1,0.0,5.0,1.0,5.0,1,1.0,5.0,4.0,3.0,1,0.0,1.0,1.0,2.0
44,24,Female,East,1,1.0,5.0,4.0,2.0,0,,,,,1,0.0,4.0,4.0,3.0
45,38,Female,West,0,,,,,1,0.0,3.0,1.0,4.0,0,,,,
46,26,Male,South,0,,,,,0,,,,,1,1.0,2.0,5.0,1.0
47,56,Other,East,0,,,,,0,,,,,0,,,,
48,35,Female,South,0,,,,,0,,,,,1,0.0,1.0,5.0,3.0
49,21,Female,West,1,1.0,1.0,1.0,3.0,1,1.0,3.0,4.0,3.0,1,1.0,8.0,4.0,4.0
50,42,Female,South,1,1.0,2.0,3.0,2.0,0,,,,,1,1.0,4.0,5.0,5.0
51,31,Female,East,1,1.0,4.0,3.0,4.0,0,,,,,0,,,,
52,67,Male,South,1,1.0,1.0,2.0,4.0,1,0.0,5.0,5.0,2.0,1,0.0,1.0,5.0,4.0
53,26,Female,East,1,0.0,3.0,4.0,3.0,1,0.0,2.0,4.0,2.0,0,,,,
54,43,Male,South,1,0.0,1.0,1.0,1.0,0,,,,,1,1.0,5.0,2.0,4.0
55,19,Male,East,0,,,,,1,1.0,4.0,4.0,2.0,0,,,,
56,37,Male,East,1,0.0,3.0,2.0,2.0,0,,,,,1,0.0,1.0,1.0,2.0
57,45,Female,South,1,0.0,5.0,2.0,2.0,1,1.0,3.0,2.0,3.0,1,1.0,1.0,1.0,1.0
58,64,Male,West,1,0.0,5.0,1.0,2.0,1,0.0,4.0,2.0,3.0,1,1.0,1.0,3.0,5.0
59,24,Male,North,0,,,,,1,1.0,5.0,3.0,5.0,1,0.0,1.0,1.0,1.0
60,61,Female,West,1,0.0,5.0,1.0,5.0,0,,,,,0,,,,
61,25,Male,South,1,1.0,5.0,5.0,2.0,0,,,,,0,,,,
62,64,Female,West,1,0.0,5.0,5.0,2.0,0,,,,,1,0.0,1.0,1.0,5.0
63,52,Male,East,1,0.0,3.0,2.0,1.0,1,1.0,2.0,2.0,3.0,0,,,,
64,31,Other,North,1,0.0,5.0,1.0,1.0,0,,,,,0,,,,
65,34,Female,South,1,1.0,1.0,3.0,1.0,1,0.0,3.0,3.0,4.0,2,1.0,8.0,3.0,1.0
66,53,Male,South,0,,,,,1,1.0,3.0,5.0,4.0,1,1.0,3.0,2.0,3.0
67,67,Male,South,1,0.0,5.0,3.0,5.0,1,0.0,1.0,5.0,2.0,0,,,,
68,57,Male,North,0,,,,,1,0.0,3.0,5.0,4.0,0,,,,
69,21,Male,East,1,0.0,3.0,2.0,4.0,1,1.0,4.0,2.0,5.0,0,,,,
70,19,Female,South,1,1.0,1.0,4.0,1.0,1,0.0,4.0,4.0,1.0,1,0.0,3.0,4.0,4.0
71,23,Male,West,0,,,,,0,,,,,1,1.0,3.0,2.0,3.0
72,59,Female,South,1,1.0,1.0,5.0,1.0,1,0.0,3.0,3.0,5.0,1,0.0,2.0,4.0,5.0
73,21,Male,South,0,,,,,1,0.0,2.0,2.0,1.0,1,0.0,2.0,4.0,2.0
74,46,Female,South,1,1.0,1.0,3.0,4.0,1,1.0,3.0,1.0,1.0,0,,,,
75,35,Female,South,1,0.0,1.0,5.0,3.0,1,0.0,2.0,3.0,4.0,2,1.0,3.0,1.0,5.0
76,43,Other,East,1,0.0,2.0,1.0,5.0,0,,,,,1,1.0,2.0,5.0,2.0
77,61,Male,West,0,,,,,0,,,,,0,,,,
78,51,Male,East,1,0.0,3.0,3.0,5.0,1,1.0,4.0,5.0,2.0,1,1.0,1.0,5.0,4.0
79,27,Male,West,1,1.0,1.0,2.0,3.0,0,,,,,2,1.0,1.0,5.0,2.0
80,53,Female,South,0,,,,,1,1.0,5.0,1.0,4.0,1,1.0,4.0,1.0,3.0
81,31,Female,North,1,1.0,2.0,4.0,1.0,1,1.0,4.0,1.0,3.0,1,1.0,2.0,5.0,4.0
82,48,Female,East,0,,,,,1,1.0,3.0,2.0,5.0,0,,,,
83,65,Male,North,1,1.0,4.0,4.0,4.0,1,1.0,2.0,3.0,1.0,0,,,,
84,32,Female,East,0,,,,,0,,,,,1,1.0,2.0,2.0,2.0
85,25,Female,South,1,0.0,1.0,5.0,2.0,0,,,,,0,,,,
86,31,Male,East,1,1.0,5.0,5.0,4.0,1,1.0,4.0,4.0,1.0,1,1.0,3.0,2.0,1.0
87,40,Male,South,0,,,,,1,0.0,4.0,4.0,5.0,1,0.0,2.0,3.0,5.0
88,57,Female,East,0,,,,,1,1.0,3.0,2.0,3.0,1,1.0,4.0,2.0,5.0
89,38,Female,South,0,,,,,0,,,,,1,1.0,3.0,1.0,2.0
90,33,Female,South,1,1.0,5.0,3.0,2.0,0,,,,,1,0.0,3.0,5.0,5.0
91,62,Male,West,0,,,,,1,1.0,5.0,2.0,4.0,1,0.0,3.0,2.0,4.0
92,35,Female,South,1,0.0,3.0,3.0,3.0,1,0.0,2.0,2.0,4.0,1,0.0,1.0,1.0,5.0
93,64,Male,West,0,,,,,1,1.0,2.0,5.0,5.0,0,,,,
94,41,Male,South,0,,,,,0,,,,,0,,,,
95,43,Male,North,1,1.0,3.0,4.0,3.0,1,1.0,4.0,3.0,4.0,0,,,,
96,42,Female,South,0,,,,,1,0.0,1.0,1.0,2.0,0,,,,
97,62,Female,North,1,1.0,4.0,3.0,2.0,1,1.0,2.0,1.0,5.0,0,,,,
98,58,Female,North,1,0.0,3.0,3.0,3.0,0,,,,,0,,,,
99,46,Male,South,1,1.0,1.0,1.0,4.0,1,1.0,4.0,4.0,5.0,1,0.0,5.0,2.0,3.0
100,32,Female,North,1,0.0,4.0,2.0,5.0,1,1.0,4.0,2.0,2.0,1,0.0,2.0,5.0,5.0
101,62,Male,West,1,1.0,1.0,4.0,1.0,1,1.0,1.0,4.0,5.0,0,,,,
102,18,Female,East,0,,,,,1,0.0,4.0,2.0,2.0,2,0.0,5.0,5.0,4.0
103,42,Male,South,0,,,,,1,1.0,3.0,4.0,3.0,1,1.0,3.0,5.0,4.0
104,24,Male,North,0,,,,,1,1.0,3.0,5.0,2.0,0,,,,
105,26,Other,South,1,1.0,8.0,5.0,5.0,1,1.0,3.0,2.0,1.0,1,1.0,5.0,2.0,5.0
106,41,Male,West,0,,,,,0,,,,,1,0.0,8.0,4.0,1.0
107,18,Female,South,1,1.0,2.0,4.0,1.0,0,,,,,1,0.0,4.0,2.0,4.0
108,61,Female,South,1,0.0,5.0,3.0,4.0,0,,,,,1,0.0,3.0,2.0,2.0
109,25,Other,North,1,0.0,3.0,4.0,1.0,1,1.0,3.0,2.0,1.0,0,,,,
110,41,Female,West,1,0.0,4.0,5.0,2.0,1,1.0,5.0,2.0,1.0,1,1.0,1.0,5.0,1.0
111,28,Male,East,0,,,,,1,1.0,4.0,1.0,3.0,0,,,,
112,68,Female,East,1,0.0,3.0,5.0,2.0,0,,,,,1,1.0,5.0,1.0,5.0
113,34,Female,North,1,1.0,8.0,5.0,5.0,0,,,,,1,1.0,2.0,5.0,4.0
114,25,Female,South,0,,,,,1,0.0,3.0,2.0,4.0,1,0.0,3.0,1.0,3.0
115,52,Male,North,0,,,,,1,0.0,3.0,4.0,5.0,0,,,,
116,52,Female,North,1,1.0,2.0,4.0,2.0,0,,,,,1,1.0,4.0,3.0,3.0
117,50,Female,North,2,0.0,5.0,3.0,3.0,1,0.0,1.0,2.0,3.0,1,1.0,4.0,2.0,5.0
118,22,Male,South,1,0.0,5.0,3.0,2.0,0,,,,,1,1.0,1.0,5.0,1.0
119,59,Male,West,1,1.0,4.0,2.0,4.0,0,,,,,1,1.0,5.0,3.0,2.0
120,56,Female,North,1,0.0,1.0,2.0,2.0,1,1.0,3.0,5.0,1.0,1,1.0,3.0,2.0,4.0
121,58,Female,South,1,1.0,4.0,3.0,2.0,0,,,,,1,0.0,1.0,4.0,5.0
122,45,Female,West,1,0.0,2.0,1.0,1.0,1,1.0,3.0,2.0,4.0,1,1.0,4.0,2.0,4.0
123,24,Female,North,0,,,,,0,,,,,1,0.0,3.0,2.0,2.0
124,26,Female,East,1,0.0,3.0,3.0,5.0,0,,,,,2,1.0,5.0,3.0,2.0
125,25,Male,West,1,0.0,5.0,4.0,5.0,0,,,,,1,1.0,4.0,2.0,2.0
126,29,Male,North,1,1.0,5.0,3.0,4.0,1,1.0,3.0,3.0,4.0,0,,,,
127,51,Male,West,1,0.0,2.0,5.0,4.0,1,0.0,3.0,2.0,1.0,1,1.0,5.0,2.0,2.0
128,50,Female,West,1,1.0,4.0,2.0,5.0,1,0.0,2.0,5.0,1.0,1,0.0,3.0,1.0,5.0
129,65,Male,West,1,1.0,4.0,1.0,4.0,0,,,,,0,,,,
130,40,Female,West,1,1.0,1.0,5.0,5.0,0,,,,,1,0.0,2.0,2.0,1.0
131,41,Female,West,1,0.0,3.0,5.0,4.0,1,1.0,2.0,4.0,5.0,1,1.0,4.0,2.0,2.0
132,54,Female,West,1,1.0,2.0,1.0,3.0,1,1.0,4.0,1.0,4.0,1,1.0,1.0,4.0,5.0
133,52,Male,North,0,,,,,1,0.0,5.0,3.0,3.0,1,1.0,3.0,5.0,2.0
134,61,Female,East,1,1.0,5.0,5.0,2.0,0,,,,,0,,,,
135,57,Male,South,0,,,,,1,0.0,3.0,4.0,1.0,0,,,,
136,39,Female,West,1,1.0,3.0,1.0,5.0,1,1.0,5.0,1.0,1.0,1,0.0,5.0,1.0,1.0
137,44,Male,South,1,1.0,3.0,4.0,4.0,1,1.0,2.0,1.0,3.0,0,,,,
138,52,Male,North,1,0.0,5.0,3.0,5.0,1,1.0,5.0,4.0,2.0,0,,,,
139,18,Female,West,1,1.0,3.0,5.0,3.0,0,,,,,1,1.0,5.0,2.0,1.0
140,52,Male,East,1,0.0,8.0,5.0,1.0,1,0.0,3.0,4.0,2.0,0,,,,
141,54,Male,South,1,0.0,4.0,3.0,3.0,1,1.0,3.0,3.0,3.0,1,1.0,2.0,3.0,1.0
142,64,Female,West,1,0.0,3.0,3.0,4.0,1,0.0,5.0,3.0,4.0,1,1.0,3.0,5.0,2.0
143,31,Female,North,1,1.0,5.0,3.0,2.0,1,1.0,2.0,4.0,1.0,0,,,,
144,20,Female,East,0,,,,,1,0.0,4.0,5.0,1.0,0,,,,
145,18,Other,South,0,,,,,1,0.0,4.0,1.0,5.0,1,0.0,3.0,3.0,1.0
146,22,Female,South,1,0.0,4.0,3.0,2.0,0,,,,,1,0.0,5.0,4.0,5.0
147,43,Male,West,1,0.0,3.0,5.0,5.0,0,,,,,0,,,,
148,31,Male,East,0,,,,,1,0.0,5.0,2.0,5.0,1,1.0,4.0,3.0,1.0
149,56,Male,East,0,,,,,1,0.0,2.0,3.0,1.0,0,,,,
150,44,Female,East,0,,,,,1,0.0,10.0,4.0,1.0,1,0.0,4.0,3.0,5.0
151,26,Female,East,1,0.0,2.0,3.0,1.0,0,,,,,0,,,,
152,32,Male,North,0,,,,,1,0.0,2.0,1.0,1.0,0,,,,
153,32,Male,East,1,1.0,5.0,5.0,3.0,1,0.0,3.0,3.0,4.0,0,,,,
154,43,Female,South,0,,,,,0,,,,,1,1.0,3.0,5.0,3.0
155,59,Male,South,1,0.0,2.0,2.0,5.0,1,1.0,1.0,1.0,1.0,1,0.0,1.0,1.0,2.0
156,30,Female,North,0,,,,,0,,,,,1,0.0,2.0,1.0,3.0
157,68,Female,South,0,,,,,0,,,,,1,0.0,5.0,1.0,5.0
158,76,Female,South,1,0.0,1.0,4.0,3.0,1,0.0,3.0,4.0,5.0,0,,,,
159,56,Male,East,0,,,,,1,1.0,1.0,4.0,5.0,0,,,,
160,66,Female,South,0,,,,,1,1.0,4.0,3.0,5.0,1,0.0,1.0,4.0,4.0
161,69,Female,North,0,,,,,1,1.0,3.0,4.0,4.0,1,0.0,4.0,2.0,4.0
162,49,Female,East,0,,,,,2,1.0,5.0,3.0,1.0,1,0.0,3.0,4.0,4.0
163,21,Female,West,0,,,,,1,1.0,5.0,3.0,4.0,0,,,,
164,47,Female,East,0,,,,,1,0.0,3.0,2.0,2.0,1,1.0,3.0,1.0,2.0
165,54,Other,North,1,0.0,3.0,2.0,4.0,1,1.0,1.0,1.0,2.0,2,,,,
166,40,Male,East,1,0.0,3.0,5.0,3.0,0,,,,,1,0.0,4.0,3.0,1.0
167,56,Female,East,1,0.0,4.0,2.0,4.0,1,0.0,5.0,4.0,1.0,0,,,,
168,62,Female,North,0,,,,,0,,,,,1,0.0,2.0,3.0,3.0
169,32,Male,East,1,1.0,1.0,2.0,4.0,0,,,,,0,,,,
170,60,Female,North,1,1.0,1.0,3.0,3.0,1,1.0,4.0,1.0,2.0,1,0.0,4.0,5.0,2.0
171,46,Female,North,0,,,,,1,0.0,5.0,2.0,4.0,1,0.0,1.0,5.0,3.0
172,53,Female,West,1,0.0,2.0,3.0,2.0,1,1.0,3.0,1.0,4.0,1,0.0,3.0,3.0,3.0
173,30,Male,South,0,,,,,1,1.0,4.0,5.0,1.0,1,1.0,5.0,4.0,2.0
174,49,Male,South,0,,,,,1,0.0,3.0,1.0,5.0,1,0.0,4.0,1.0,5.0
175,76,Female,East,1,1.0,3.0,5.0,4.0,0,,,,,1,1.0,4.0,3.0,3.0
176,68,Female,East,1,0.0,1.0,3.0,1.0,0,,,,,1,0.0,4.0,3.0,4.0
177,39,Male,West,1,0.0,2.0,3.0,1.0,0,,,,,0,,,,
178,45,Female,West,1,1.0,4.0,1.0,4.0,1,0.0,5.0,5.0,5.0,1,0.0,1.0,1.0,2.0
179,19,Female,West,1,1.0,2.0,1.0,5.0,0,,,,,1,0.0,3.0,4.0,4.0
180,59,Female,North,0,,,,,1,1.0,2.0,3.0,5.0,1,0.0,3.0,2.0,3.0
181,62,Female,West,0,,,,,1,0.0,10.0,3.0,1.0,2,1.0,4.0,3.0,4.0
182,23,Male,West,1,1.0,2.0,4.0,2.0,0,,,,,0,,,,
183,45,Male,East,1,1.0,1.0,3.0,3.0,1,0.0,3.0,3.0,5.0,0,,,,
184,45,Male,West,1,0.0,4.0,4.0,3.0,1,0.0,5.0,2.0,1.0,0,,,,
185,61,Female,North,1,1.0,2.0,5.0,5.0,0,,,,,0,,,,
186,61,Male,North,1,1.0,5.0,1.0,2.0,1,1.0,3.0,1.0,1.0,1,0.0,5.0,4.0,2.0
187,37,Male,East,2,1.0,2.0,3.0,4.0,1,1.0,4.0,3.0,4.0,1,0.0,3.0,4.0,5.0
188,47,Male,West,0,,,,,1,1.0,5.0,1.0,3.0,1,1.0,2.0,4.0,5.0
189,28,Female,West,1,1.0,3.0,4.0,5.0,1,1.0,5.0,2.0,4.0,1,1.0,5.0,5.0,1.0
190,45,Female,North,1,1.0,2.0,1.0,4.0,1,1.0,1.0,3.0,5.0,0,,,,
191,42,Other,West,1,1.0,3.0,5.0,3.0,1,0.0,1.0,4.0,2.0,1,0.0,4.0,4.0,4.0
192,56,Male,West,0,,,,,0,,,,,1,0.0,3.0,2.0,4.0
193,50,Female,West,1,0.0,3.0,5.0,1.0,1,0.0,4.0,4.0,4.0,1,1.0,3.0,3.0,1.0
194,18,Male,South,0,,,,,1,0.0,1.0,1.0,2.0,1,1.0,4.0,5.0,3.0
195,44,Male,East,0,,,,,0,,,,,1,0.0,2.0,1.0,3.0
196,69,Male,South,0,,,,,1,1.0,4.0,1.0,2.0,1,0.0,5.0,5.0,2.0
197,30,Male,East,1,0.0,3.0,4.0,5.0,1,0.0,2.0,4.0,3.0,1,1.0,2.0,2.0,5.0
198,58,Male,North,1,1.0,1.0,1.0,5.0,1,1.0,3.0,2.0,1.0,0,,,,
199,20,Female,West,0,,,,,1,1.0,5.0,2.0,1.0,0,,,,
200,56,Male,East,1,1.0,4.0,4.0,5.0,1,1.0,2.0,4.0,3.0,1,0.0,5.0,1.0,4.0
201,23,Female,South,1,0.0,4.0,1.0,1.0,1,1.0,1.0,4.0,5.0,1,1.0,1.0,4.0,5.0
202,25,Other,West,1,1.0,2.0,5.0,3.0,1,1.0,3.0,4.0,5.0,1,1.0,5.0,1.0,2.0
203,44,Female,North,0,,,,,1,0.0,1.0,2.0,3.0,1,0.0,4.0,5.0,4.0
204,26,Female,East,1,1.0,3.0,2.0,2.0,1,0.0,3.0,4.0,3.0,1,1.0,2.0,4.0,2.0
205,54,Male,East,1,0.0,4.0,2.0,2.0,1,1.0,5.0,2.0,2.0,2,,,,
206,50,Female,East,0,,,,,1,0.0,1.0,3.0,4.0,1,0.0,5.0,2.0,1.0
207,68,Male,West,0,,,,,1,1.0,2.0,2.0,1.0,1,0.0,1.0,5.0,5.0
208,59,Female,South,1,0.0,4.0,2.0,2.0,1,1.0,1.0,5.0,3.0,0,,,,
209,61,Male,South,1,1.0,4.0,5.0,4.0,1,0.0,4.0,2.0,1.0,1,1.0,3.0,4.0,4.0
210,76,Male,East,1,0.0,5.0,1.0,4.0,0,,,,,1,0.0,4.0,1.0,5.0
211,32,Male,North,1,1.0,3.0,5.0,4.0,1,1.0,4.0,1.0,3.0,1,0.0,3.0,5.0,2.0
212,49,Female,North,2,1.0,4.0,1.0,4.0,1,1.0,3.0,4.0,2.0,1,1.0,4.0,1.0,3.0
213,49,Female,South,1,0.0,5.0,4.0,5.0,0,,,,,0,,,,
214,41,Female,North,0,,,,,1,0.0,4.0,3.0,3.0,1,1.0,5.0,3.0,1.0
215,58,Male,South,1,1.0,4.0,2.0,2.0,1,1.0,3.0,1.0,4.0,1,0.0,2.0,4.0,5.0
216,69,Female,East,1,0.0,3.0,4.0,5.0,1,0.0,2.0,3.0,3.0,1,0.0,1.0,3.0,5.0
217,66,Male,South,1,1.0,2.0,3.0,4.0,0,,,,,0,,,,
218,66,Other,South,1,1.0,4.0,1.0,1.0,1,0.0,2.0,4.0,5.0,1,0.0,4.0,2.0,3.0
219,69,Male,East,1,0.0,2.0,1.0,2.0,1,0.0,4.0,5.0,3.0,0,,,,
220,29,Male,North,0,,,,,0,,,,,0,,,,
221,56,Male,South,1,0.0,2.0,1.0,5.0,1,0.0,2.0,5.0,3.0,1,1.0,2.0,5.0,2.0
222,19,Male,South,0,,,,,1,1.0,3.0,2.0,4.0,0,,,,
223,20,Female,East,1,0.0,2.0,3.0,4.0,0,,,,,1,0.0,3.0,1.0,3.0
224,66,Male,North,2,,,,,1,1.0,3.0,1.0,1.0,0,,,,
225,54,Female,South,0,,,,,1,1.0,5.0,2.0,1.0,1,0.0,2.0,1.0,3.0
226,66,Male,East,1,1.0,1.0,2.0,5.0,0,,,,,0,,,,
227,34,Female,South,0,,,,,0,,,,,0,,,,
228,66,Male,West,1,0.0,1.0,4.0,2.0,0,,,,,0,,,,
229,19,Male,East,1,0.0,5.0,2.0,5.0,0,,,,,1,0.0,5.0,1.0,5.0
230,19,Female,North,0,,,,,1,0.0,4.0,5.0,5.0,1,0.0,5.0,4.0,5.0
231,45,Male,North,0,,,,,1,1.0,1.0,2.0,1.0,2,,,,
232,40,Male,North,1,1.0,1.0,4.0,4.0,0,,,,,1,1.0,2.0,3.0,4.0
233,54,Other,North,0,,,,,0,,,,,1,1.0,5.0,3.0,1.0
234,49,Female,South,1,1.0,3.0,4.0,1.0,0,,,,,1,0.0,3.0,2.0,3.0
235,50,Male,South,1,0.0,2.0,4.0,3.0,1,0.0,1.0,2.0,3.0,1,0.0,4.0,1.0,1.0
236,18,Male,North,1,0.0,5.0,5.0,1.0,0,,,,,1,0.0,3.0,3.0,2.0
237,36,Female,North,1,0.0,5.0,3.0,5.0,1,0.0,4.0,3.0,4.0,0,,,,
238,19,Male,North,1,0.0,4.0,2.0,4.0,1,1.0,4.0,1.0,5.0,1,1.0,1.0,2.0,4.0
239,61,Male,South,1,1.0,1.0,5.0,3.0,0,,,,,1,0.0,2.0,1.0,4.0
240,43,Male,North,0,,,,,1,0.0,3.0,2.0,5.0,1,0.0,4.0,2.0,1.0
241,49,Female,North,0,,,,,1,0.0,1.0,4.0,2.0,2,,,,
242,23,Female,West,1,1.0,4.0,5.0,3.0,1,0.0,3.0,5.0,5.0,0,,,,
243,49,Male,West,1,1.0,3.0,5.0,2.0,1,0.0,2.0,1.0,3.0,1,1.0,3.0,3.0,1.0
244,21,Male,North,1,1.0,5.0,1.0,3.0,0,,,,,1,1.0,5.0,4.0,4.0
245,28,Other,East,1,1.0,3.0,3.0,4.0,0,,,,,1,0.0,2.0,2.0,5.0
246,34,Female,North,1,0.0,3.0,5.0,5.0,1,1.0,4.0,3.0,5.0,1,1.0,2.0,4.0,2.0
247,55,Male,West,1,1.0,4.0,1.0,1.0,0,,,,,0,,,,
248,41,Male,East,1,0.0,5.0,2.0,4.0,0,,,,,0,,,,
249,22,Female,East,0,,,,,0,,,,,1,0.0,5.0,4.0,2.0
250,69,Male,North,1,0.0,4.0,5.0,5.0,0,,,,,0,,,,
251,51,Female,West,1,0.0,2.0,2.0,1.0,1,1.0,5.0,5.0,5.0,0,,,,
252,23,Male,West,1,1.0,4.0,5.0,1.0,0,,,,,1,1.0,3.0,3.0,3.0
253,39,Male,East,1,1.0,4.0,1.0,1.0,1,0.0,5.0,4.0,4.0,1,1.0,5.0,4.0,1.0
254,28,Male,North,1,0.0,5.0,1.0,2.0,1,0.0,5.0,5.0,2.0,0,,,,
255,65,Female,South,1,1.0,2.0,3.0,5.0,1,0.0,3.0,5.0,2.0,1,0.0,3.0,1.0,1.0
256,33,Female,South,0,,,,,0,,,,,1,0.0,2.0,4.0,3.0
257,50,Female,West,1,0.0,3.0,2.0,3.0,1,0.0,1.0,3.0,3.0,0,,,,
258,26,Male,South,0,,,,,0,,,,,1,0.0,2.0,2.0,5.0
259,23,Female,West,1,0.0,5.0,1.0,4.0,1,0.0,3.0,2.0,3.0,1,0.0,5.0,1.0,3.0
260,33,Male,West,0,,,,,1,1.0,2.0,1.0,1.0,1,1.0,1.0,3.0,1.0
261,46,Male,West,0,,,,,1,0.0,5.0,4.0,1.0,1,1.0,3.0,2.0,3.0
262,20,Female,South,2,,,,,1,0.0,1.0,1.0,3.0,1,0.0,3.0,4.0,1.0
263,37,Male,West,1,0.0,5.0,2.0,2.0,1,1.0,2.0,2.0,4.0,0,,,,
264,53,Male,East,1,0.0,1.0,5.0,2.0,1,0.0,1.0,1.0,5.0,1,0.0,2.0,1.0,1.0
265,36,Male,North,0,,,,,1,0.0,4.0,1.0,4.0,1,0.0,4.0,5.0,4.0
266,43,Other,North,0,,,,,1,0.0,2.0,1.0,3.0,1,0.0,1.0,4.0,1.0
267,76,Male,West,1,0.0,2.0,5.0,3.0,0,,,,,1,0.0,2.0,5.0,5.0
268,36,Female,North,0,,,,,1,0.0,5.0,4.0,5.0,0,,,,
269,37,Male,South,1,0.0,5.0,1.0,3.0,1,1.0,5.0,1.0,5.0,1,0.0,3.0,2.0,5.0
270,49,Female,South,1,1.0,1.0,4.0,2.0,1,0.0,2.0,5.0,4.0,1,0.0,5.0,2.0,1.0
271,24,Female,North,1,1.0,5.0,4.0,1.0,1,1.0,4.0,5.0,5.0,0,,,,
272,69,Male,South,0,,,,,1,1.0,5.0,1.0,2.0,1,0.0,1.0,5.0,4.0
273,58,Male,North,1,0.0,4.0,1.0,1.0,0,,,,,1,0.0,5.0,4.0,2.0
274,50,Male,North,1,1.0,3.0,3.0,2.0,1,0.0,4.0,1.0,4.0,2,1.0,2.0,5.0,2.0
275,57,Female,North,1,1.0,1.0,4.0,1.0,0,,,,,0,,,,
276,56,Male,West,0,,,,,1,0.0,5.0,4.0,5.0,1,1.0,3.0,1.0,1.0
277,35,Female,North,1,0.0,1.0,1.0,3.0,0,,,,,0,,,,
278,57,Male,West,0,,,,,0,,,,,0,,,,
279,18,Female,North,2,1.0,4.0,1.0,3.0,1,1.0,3.0,1.0,3.0,1,0.0,1.0,5.0,5.0
280,28,Male,North,1,1.0,2.0,3.0,3.0,1,0.0,2.0,4.0,2.0,0,,,,
281,45,Male,North,1,0.0,3.0,1.0,1.0,0,,,,,0,,,,
282,42,Female,South,0,,,,,1,1.0,1.0,3.0,5.0,0,,,,
283,67,Female,West,0,,,,,0,,,,,0,,,,
284,40,Male,West,1,1.0,2.0,5.0,5.0,0,,,,,0,,,,
285,48,Female,North,0,,,,,1,0.0,5.0,2.0,5.0,1,1.0,4.0,2.0,4.0
286,47,Female,North,0,,,,,1,0.0,1.0,3.0,3.0,0,,,,
287,59,Female,South,1,0.0,2.0,5.0,5.0,0,,,,,0,,,,
288,52,Female,South,1,1.0,3.0,1.0,1.0,0,,,,,0,,,,
289,24,Male,South,0,,,,,0,,,,,1,0.0,4.0,1.0,2.0
290,33,Male,West,1,0.0,3.0,3.0,1.0,0,,,,,2,1.0,5.0,4.0,1.0
291,43,Male,West,0,,,,,1,0.0,1.0,3.0,4.0,1,1.0,3.0,4.0,5.0
292,65,Female,West,1,0.0,3.0,2.0,3.0,1,1.0,4.0,5.0,3.0,1,1.0,2.0,1.0,5.0
293,69,Female,North,0,,,,,0,,,,,1,0.0,1.0,1.0,2.0
294,66,Male,West,2,0.0,4.0,3.0,1.0,1,0.0,1.0,5.0,1.0,0,,,,
295,19,Male,East,1,1.0,8.0,4.0,2.0,1,0.0,4.0,3.0,1.0,0,,,,
296,18,Female,East,1,1.0,5.0,3.0,4.0,0,,,,,1,1.0,2.0,5.0,4.0
297,65,Female,South,1,1.0,2.0,1.0,3.0,1,0.0,2.0,2.0,2.0,0,,,,
298,29,Female,West,0,,,,,1,0.0,4.0,4.0,4.0,1,0.0,4.0,4.0,2.0
299,22,Male,East,1,1.0,2.0,5.0,4.0,0,,,,,0,,,,
300,54,Male,South,1,1.0,1.0,1.0,4.0,0,,,,,1,1.0,1.0,1.0,3.0
301,49,Male,West,1,0.0,4.0,3.0,2.0,1,0.0,3.0,2.0,1.0,0,,,,
302,26,Female,North,0,,,,,1,0.0,5.0,1.0,2.0,0,,,,
303,58,Male,East,1,1.0,3.0,3.0,4.0,0,,,,,1,0.0,4.0,5.0,5.0
304,52,Female,North,0,,,,,0,,,,,1,0.0,5.0,1.0,4.0
305,36,Male,West,1,0.0,2.0,2.0,1.0,1,1.0,1.0,1.0,5.0,1,1.0,3.0,5.0,3.0
306,65,Female,East,1,0.0,4.0,2.0,4.0,1,0.0,2.0,3.0,5.0,1,0.0,1.0,2.0,5.0
307,33,Female,West,1,1.0,4.0,3.0,1.0,1,1.0,3.0,2.0,1.0,0,,,,
308,20,Female,North,1,0.0,4.0,5.0,1.0,1,1.0,4.0,2.0,4.0,0,,,,
309,37,Male,East,1,0.0,2.0,3.0,2.0,0,,,,,2,,,,
310,41,Male,North,0,,,,,1,1.0,3.0,4.0,2.0,0,,,,
311,76,Male,West,0,,,,,1,1.0,3.0,4.0,4.0,0,,,,
312,41,Female,West,0,,,,,1,0.0,1.0,5.0,2.0,0,,,,
313,69,Female,North,0,,,,,0,,,,,1,1.0,3.0,4.0,2.0
314,28,Female,East,0,,,,,1,0.0,2.0,1.0,5.0,0,,,,
315,66,Female,North,0,,,,,1,0.0,2.0,4.0,2.0,1,0.0,5.0,3.0,1.0
316,25,Female,West,1,1.0,2.0,1.0,2.0,1,1.0,3.0,3.0,3.0,1,1.0,4.0,5.0,4.0
317,53,Male,North,1,1.0,2.0,3.0,3.0,1,1.0,3.0,5.0,4.0,1,0.0,4.0,5.0,5.0
318,55,Female,West,0,,,,,0,,,,,1,1.0,4.0,3.0,5.0
319,57,Male,North,1,1.0,5.0,3.0,2.0,1,1.0,2.0,1.0,2.0,0,,,,
320,37,Male,East,0,,,,,1,1.0,2.0,2.0,4.0,0,,,,
321,52,Female,East,1,0.0,1.0,3.0,4.0,1,0.0,2.0,4.0,2.0,1,0.0,2.0,3.0,5.0
322,65,Male,North,1,0.0,5.0,4.0,2.0,1,0.0,2.0,2.0,5.0,1,1.0,5.0,3.0,2.0
323,42,Male,North,1,0.0,2.0,2.0,4.0,1,0.0,1.0,2.0,1.0,0,,,,
324,52,Female,East,1,1.0,4.0,1.0,1.0,1,0.0,2.0,5.0,4.0,0,,,,
325,42,Male,West,1,1.0,3.0,2.0,5.0,1,0.0,5.0,4.0,4.0,1,1.0,4.0,1.0,5.0
326,46,Female,East,1,0.0,4.0,1.0,4.0,0,,,,,0,,,,
327,35,Male,West,1,1.0,5.0,5.0,1.0,1,1.0,4.0,2.0,1.0,1,1.0,2.0,1.0,3.0
328,63,Male,North,1,1.0,5.0,2.0,2.0,0,,,,,1,0.0,4.0,3.0,5.0
329,35,Male,North,1,1.0,4.0,1.0,5.0,1,1.0,1.0,4.0,5.0,0,,,,
330,19,Male,West,0,,,,,1,0.0,4.0,5.0,5.0,1,1.0,2.0,1.0,1.0
331,52,Female,North,1,1.0,1.0,2.0,5.0,1,1.0,2.0,2.0,1.0,1,0.0,3.0,4.0,2.0
332,33,Male,West,0,,,,,1,0.0,3.0,3.0,3.0,0,,,,
333,76,Female,South,1,1.0,1.0,3.0,4.0,1,0.0,5.0,5.0,1.0,1,0.0,2.0,1.0,4.0
334,53,Male,East,1,0.0,4.0,3.0,2.0,0,,,,,1,1.0,5.0,4.0,3.0
335,50,Female,South,0,,,,,1,1.0,2.0,4.0,5.0,1,1.0,5.0,2.0,4.0
336,21,Female,West,1,0.0,4.0,3.0,3.0,0,,,,,0,,,,
337,50,Female,East,2,1.0,2.0,2.0,1.0,0,,,,,1,0.0,4.0,4.0,4.0
338,31,Male,West,1,1.0,1.0,3.0,5.0,1,0.0,3.0,4.0,2.0,1,1.0,5.0,1.0,1.0
339,38,Male,East,1,1.0,5.0,2.0,5.0,0,,,,,1,1.0,2.0,4.0,5.0
340,65,Male,East,1,0.0,5.0,3.0,5.0,0,,,,,1,0.0,3.0,3.0,1.0
341,37,Other,East,0,,,,,1,0.0,2.0,4.0,2.0,2,,,,
342,25,Male,East,1,1.0,5.0,5.0,1.0,2,1.0,2.0,2.0,3.0,1,0.0,3.0,1.0,1.0
343,24,Female,West,0,,,,,1,0.0,5.0,2.0,2.0,1,0.0,3.0,5.0,3.0
344,20,Female,East,1,0.0,2.0,1.0,4.0,1,1.0,1.0,4.0,3.0,0,,,,
345,34,Male,East,0,,,,,1,0.0,2.0,1.0,1.0,1,1.0,4.0,4.0,2.0
346,50,Female,South,1,0.0,3.0,4.0,4.0,1,0.0,4.0,5.0,3.0,0,,,,
347,65,Male,North,1,1.0,2.0,5.0,3.0,0,,,,,1,1.0,5.0,2.0,2.0
348,29,Male,North,0,,,,,1,1.0,4.0,5.0,4.0,0,,,,
349,68,Female,South,1,1.0,5.0,5.0,4.0,1,0.0,1.0,2.0,4.0,1,1.0,3.0,1.0,3.0
350,39,Female,South,1,1.0,1.0,2.0,5.0,1,1.0,3.0,1.0,3.0,1,0.0,2.0,2.0,2.0
351,39,Female,West,1,1.0,2.0,4.0,1.0,1,1.0,5.0,1.0,3.0,1,0.0,5.0,1.0,2.0
352,63,Male,West,1,1.0,1.0,5.0,1.0,1,0.0,3.0,5.0,5.0,1,1.0,2.0,5.0,2.0
353,47,Male,West,1,0.0,1.0,2.0,2.0,0,,,,,1,0.0,2.0,4.0,1.0
354,55,Other,South,1,0.0,1.0,3.0,5.0,1,0.0,2.0,5.0,5.0,0,,,,
355,55,Female,South,0,,,,,1,0.0,2.0,4.0,4.0,1,0.0,4.0,5.0,3.0
356,62,Female,East,0,,,,,1,1.0,10.0,1.0,2.0,1,1.0,2.0,1.0,2.0
357,68,Male,West,1,1.0,1.0,1.0,2.0,0,,,,,1,1.0,4.0,1.0,3.0
358,25,Female,West,1,0.0,1.0,1.0,5.0,1,1.0,4.0,5.0,4.0,0,,,,
359,44,Male,West,1,1.0,3.0,5.0,5.0,1,0.0,1.0,5.0,2.0,1,0.0,2.0,1.0,3.0
360,44,Male,North,1,0.0,5.0,1.0,5.0,0,,,,,1,0.0,2.0,1.0,4.0
361,51,Female,East,1,1.0,3.0,4.0,5.0,0,,,,,1,1.0,2.0,2.0,1.0
362,38,Male,West,1,1.0,2.0,1.0,1.0,1,0.0,3.0,2.0,1.0,0,,,,
363,47,Female,West,1,1.0,2.0,5.0,2.0,1,1.0,3.0,1.0,4.0,0,,,,
364,50,Male,West,1,1.0,3.0,2.0,2.0,1,0.0,1.0,5.0,2.0,1,1.0,2.0,3.0,2.0
365,45,Male,North,1,1.0,1.0,1.0,5.0,0,,,,,0,,,,
366,64,Female,North,1,0.0,4.0,3.0,3.0,1,0.0,2.0,5.0,1.0,1,1.0,5.0,3.0,1.0
367,50,Female,South,1,0.0,4.0,3.0,1.0,1,1.0,3.0,1.0,5.0,0,,,,
368,22,Female,East,1,0.0,3.0,4.0,4.0,2,,,,,1,0.0,5.0,5.0,2.0
369,65,Female,South,0,,,,,1,0.0,2.0,1.0,4.0,1,1.0,4.0,3.0,4.0
370,36,Female,East,0,,,,,0,,,,,1,1.0,5.0,2.0,2.0
371,21,Female,North,1,0.0,2.0,4.0,5.0,0,,,,,1,1.0,2.0,1.0,5.0
372,52,Female,West,1,0.0,1.0,3.0,2.0,1,0.0,3.0,1.0,2.0,0,,,,
373,66,Male,South,1,0.0,3.0,4.0,5.0,1,0.0,1.0,4.0,5.0,0,,,,
374,34,Female,West,1,1.0,2.0,5.0,4.0,0,,,,,0,,,,
375,61,Male,South,0,,,,,1,0.0,1.0,3.0,4.0,1,0.0,2.0,5.0,2.0
376,45,Female,North,1,1.0,3.0,4.0,4.0,0,,,,,1,1.0,3.0,5.0,4.0
377,47,Female,North,1,0.0,2.0,4.0,5.0,0,,,,,1,0.0,4.0,5.0,2.0
378,46,Male,North,1,1.0,3.0,3.0,1.0,0,,,,,1,0.0,5.0,1.0,5.0
379,63,Female,South,1,0.0,5.0,2.0,4.0,1,1.0,5.0,2.0,1.0,1,0.0,2.0,4.0,3.0
380,23,Female,East,1,0.0,2.0,5.0,1.0,1,1.0,5.0,2.0,4.0,1,1.0,2.0,2.0,1.0
381,52,Other,South,0,,,,,1,1.0,5.0,2.0,4.0,0,,,,
382,58,Female,East,1,1.0,3.0,2.0,2.0,1,1.0,5.0,4.0,4.0,0,,,,
383,76,Female,South,1,1.0,5.0,5.0,5.0,1,1.0,4.0,3.0,2.0,1,0.0,5.0,4.0,3.0
384,41,Male,South,1,0.0,4.0,2.0,3.0,0,,,,,1,0.0,1.0,2.0,1.0
385,46,Female,North,1,1.0,5.0,5.0,2.0,1,0.0,5.0,2.0,2.0,0,,,,
386,66,Male,West,0,,,,,1,1.0,2.0,1.0,5.0,2,0.0,2.0,1.0,4.0
387,63,Female,West,0,,,,,1,0.0,4.0,4.0,5.0,1,0.0,3.0,1.0,5.0
388,48,Female,East,1,0.0,4.0,4.0,5.0,0,,,,,1,0.0,3.0,3.0,3.0
389,52,Female,West,1,0.0,2.0,2.0,2.0,1,1.0,2.0,1.0,2.0,0,,,,
390,50,Male,South,0,,,,,0,,,,,0,,,,
391,69,Female,South,0,,,,,1,1.0,1.0,2.0,5.0,1,1.0,1.0,3.0,4.0
392,38,Female,North,1,1.0,1.0,5.0,2.0,1,1.0,4.0,1.0,5.0,1,0.0,3.0,5.0,2.0
393,49,Male,North,0,,,,,0,,,,,1,0.0,2.0,3.0,5.0
394,40,Female,West,1,1.0,3.0,3.0,2.0,1,0.0,5.0,1.0,4.0,0,,,,
395,50,Male,East,1,0.0,3.0,1.0,4.0,0,,,,,0,,,,
396,20,Female,West,1,0.0,4.0,1.0,1.0,1,0.0,5.0,3.0,1.0,1,0.0,2.0,3.0,5.0
397,35,Male,West,0,,,,,1,0.0,2.0,5.0,3.0,1,0.0,5.0,2.0,3.0
398,76,Male,West,0,,,,,0,,,,,1,1.0,2.0,3.0,1.0
399,59,Male,West,1,0.0,5.0,3.0,1.0,0,,,,,1,1.0,2.0,2.0,4.0
400,48,Female,South,1,1.0,3.0,5.0,3.0,1,1.0,2.0,3.0,5.0,0,,,,
401,20,Male,East,1,1.0,3.0,1.0,4.0,0,,,,,1,0.0,2.0,5.0,3.0
402,57,Female,South,2,,,,,0,,,,,2,0.0,5.0,5.0,5.0
403,63,Male,East,1,1.0,1.0,2.0,1.0,0,,,,,0,,,,
404,41,Male,North,1,0.0,1.0,1.0,2.0,1,0.0,1.0,1.0,2.0,1,0.0,1.0,4.0,2.0
405,67,Female,West,1,0.0,5.0,5.0,4.0,1,1.0,5.0,5.0,3.0,0,,,,
406,49,Female,South,1,1.0,1.0,4.0,2.0,0,,,,,0,,,,
407,64,Male,East,1,0.0,1.0,2.0,2.0,0,,,,,0,,,,
408,39,Female,North,1,0.0,2.0,1.0,1.0,0,,,,,0,,,,
409,40,Female,North,0,,,,,0,,,,,0,,,,
410,19,Female,West,1,1.0,3.0,4.0,2.0,1,1.0,5.0,1.0,3.0,1,0.0,5.0,2.0,2.0
411,44,Male,East,0,,,,,1,1.0,1.0,2.0,5.0,1,0.0,4.0,2.0,3.0
412,59,Male,South,1,1.0,3.0,3.0,3.0,0,,,,,1,1.0,5.0,1.0,2.0
413,19,Female,West,1,0.0,5.0,5.0,1.0,1,0.0,4.0,4.0,2.0,0,,,,
414,43,Male,South,0,,,,,1,0.0,3.0,1.0,4.0,0,,,,
415,34,Female,North,0,,,,,1,1.0,2.0,3.0,2.0,1,1.0,3.0,3.0,1.0
416,57,Female,South,0,,,,,1,1.0,2.0,2.0,2.0,1,1.0,1.0,2.0,5.0
417,50,Female,South,1,1.0,2.0,4.0,1.0,1,1.0,2.0,4.0,1.0,0,,,,
418,26,Female,West,1,1.0,2.0,3.0,3.0,0,,,,,1,1.0,3.0,1.0,4.0
419,60,Female,South,0,,,,,0,,,,,1,1.0,5.0,3.0,3.0
420,65,Male,West,1,1.0,1.0,3.0,2.0,0,,,,,1,1.0,5.0,3.0,5.0
421,56,Female,North,1,0.0,5.0,3.0,2.0,0,,,,,1,0.0,2.0,5.0,4.0
422,46,Male,West,0,,,,,1,0.0,2.0,5.0,5.0,0,,,,
423,59,Male,West,0,,,,,1,1.0,2.0,5.0,2.0,1,1.0,2.0,4.0,3.0
424,43,Female,East,1,1.0,1.0,4.0,3.0,1,0.0,3.0,3.0,5.0,0,,,,
425,52,Female,South,1,0.0,2.0,4.0,4.0,1,0.0,4.0,4.0,5.0,2,0.0,4.0,2.0,5.0
426,67,Female,North,1,0.0,4.0,2.0,2.0,1,1.0,1.0,2.0,2.0,0,,,,
427,42,Female,West,0,,,,,1,1.0,2.0,1.0,3.0,1,0.0,4.0,1.0,4.0
428,41,Male,North,0,,,,,0,,,,,0,,,,
429,30,Male,East,1,0.0,3.0,3.0,4.0,0,,,,,1,1.0,5.0,3.0,2.0
430,24,Female,South,0,,,,,1,0.0,2.0,4.0,5.0,1,1.0,2.0,3.0,1.0
431,53,Male,West,0,,,,,0,,,,,1,1.0,1.0,3.0,3.0
432,62,Male,South,0,,,,,1,0.0,4.0,2.0,1.0,1,0.0,2.0,5.0,2.0
433,37,Male,East,1,1.0,5.0,3.0,1.0,0,,,,,1,0.0,3.0,4.0,4.0
434,18,Male,East,1,0.0,5.0,1.0,4.0,1,0.0,5.0,3.0,1.0,1,0.0,3.0,1.0,1.0
435,25,Male,North,1,0.0,5.0,2.0,4.0,1,1.0,5.0,3.0,1.0,1,0.0,5.0,4.0,4.0
436,63,Male,West,1,1.0,8.0,4.0,5.0,0,,,,,1,1.0,3.0,3.0,5.0
437,33,Male,North,0,,,,,1,1.0,3.0,2.0,1.0,1,1.0,4.0,1.0,2.0
438,31,Male,East,1,1.0,2.0,5.0,4.0,0,,,,,1,1.0,5.0,2.0,1.0
439,29,Female,South,0,,,,,1,0.0,2.0,2.0,1.0,1,0.0,2.0,5.0,2.0
440,76,Male,North,1,1.0,5.0,5.0,5.0,1,1.0,5.0,1.0,2.0,1,0.0,5.0,3.0,4.0
441,40,Male,North,1,0.0,4.0,4.0,3.0,1,1.0,1.0,4.0,5.0,1,0.0,4.0,1.0,3.0
442,32,Female,South,1,0.0,2.0,5.0,5.0,1,0.0,1.0,5.0,5.0,1,1.0,5.0,5.0,2.0
443,45,Male,North,1,0.0,4.0,5.0,4.0,0,,,,,1,1.0,5.0,5.0,2.0
444,51,Female,South,1,0.0,4.0,2.0,2.0,1,1.0,2.0,3.0,1.0,0,,,,
445,19,Female,West,0,,,,,1,1.0,2.0,2.0,4.0,1,1.0,1.0,2.0,4.0
446,49,Male,South,1,0.0,4.0,5.0,3.0,1,0.0,1.0,1.0,1.0,1,1.0,4.0,3.0,3.0
447,40,Other,West,1,0.0,2.0,5.0,3.0,0,,,,,1,0.0,4.0,5.0,3.0
448,39,Female,South,1,1.0,5.0,4.0,4.0,1,1.0,4.0,3.0,2.0,1,1.0,3.0,5.0,1.0
449,68,Other,East,1,1.0,4.0,1.0,3.0,1,0.0,3.0,4.0,5.0,0,,,,
450,42,Male,East,1,0.0,4.0,1.0,4.0,0,,,,,1,0.0,3.0,4.0,4.0
451,39,Female,West,0,,,,,1,0.0,3.0,2.0,3.0,1,1.0,1.0,5.0,2.0
452,39,Male,West,2,0.0,4.0,2.0,2.0,0,,,,,1,1.0,5.0,1.0,4.0
453,66,Female,East,0,,,,,1,0.0,1.0,3.0,5.0,0,,,,
454,69,Male,West,1,0.0,4.0,3.0,5.0,1,1.0,4.0,2.0,1.0,1,0.0,2.0,4.0,2.0
455,59,Female,South,1,1.0,2.0,4.0,5.0,1,1.0,2.0,2.0,2.0,1,0.0,2.0,4.0,3.0
456,23,Female,South,1,1.0,2.0,5.0,2.0,1,1.0,2.0,1.0,5.0,0,,,,
457,32,Female,East,1,0.0,2.0,4.0,3.0,1,0.0,4.0,3.0,3.0,0,,,,
458,60,Female,North,1,1.0,3.0,1.0,5.0,0,,,,,0,,,,
459,54,Male,South,0,,,,,2,,,,,1,1.0,4.0,3.0,2.0
460,50,Male,West,1,0.0,3.0,5.0,2.0,1,1.0,1.0,4.0,1.0,0,,,,
461,25,Male,North,0,,,,,0,,,,,0,,,,
462,61,Male,North,1,0.0,4.0,2.0,2.0,0,,,,,1,1.0,1.0,1.0,1.0
463,76,Female,South,0,,,,,1,1.0,3.0,1.0,5.0,0,,,,
464,22,Other,South,0,,,,,0,,,,,0,,,,
465,56,Male,North,1,1.0,4.0,1.0,5.0,0,,,,,1,0.0,5.0,1.0,3.0
466,21,Female,North,0,,,,,1,1.0,5.0,3.0,4.0,1,0.0,1.0,4.0,1.0
467,23,Female,East,1,0.0,3.0,1.0,3.0,0,,,,,1,0.0,2.0,3.0,3.0
468,62,Other,West,0,,,,,1,0.0,5.0,3.0,4.0,1,1.0,5.0,4.0,3.0
469,49,Female,East,0,,,,,1,1.0,4.0,3.0,4.0,1,1.0,2.0,1.0,3.0
470,69,Male,South,1,0.0,5.0,4.0,2.0,1,1.0,4.0,3.0,5.0,1,1.0,1.0,5.0,3.0
471,47,Male,East,0,,,,,0,,,,,0,,,,
472,64,Female,East,0,,,,,1,1.0,4.0,4.0,4.0,0,,,,
473,52,Female,East,1,0.0,2.0,4.0,1.0,1,0.0,5.0,5.0,1.0,1,1.0,3.0,2.0,4.0
474,57,Male,East,0,,,,,1,1.0,4.0,1.0,5.0,1,0.0,4.0,3.0,4.0
475,76,Female,West,1,0.0,3.0,4.0,1.0,0,,,,,1,0.0,5.0,4.0,1.0
476,33,Male,West,0,,,,,1,1.0,2.0,2.0,5.0,1,1.0,4.0,5.0,1.0
477,30,Male,North,0,,,,,2,0.0,4.0,2.0,3.0,1,1.0,2.0,4.0,1.0
478,67,Female,South,1,0.0,4.0,5.0,2.0,1,1.0,3.0,1.0,5.0,0,,,,
479,59,Female,East,0,,,,,1,0.0,2.0,4.0,5.0,0,,,,
480,47,Female,North,0,,,,,1,1.0,2.0,5.0,2.0,1,1.0,8.0,3.0,1.0
481,36,Male,North,1,0.0,2.0,2.0,4.0,1,0.0,1.0,5.0,4.0,1,0.0,1.0,1.0,4.0
482,34,Female,North,0,,,,,0,,,,,1,0.0,2.0,5.0,1.0
483,36,Male,West,1,1.0,3.0,2.0,3.0,1,0.0,1.0,1.0,5.0,0,,,,
484,45,Male,East,2,,,,,0,,,,,1,1.0,4.0,4.0,1.0
485,43,Female,East,1,1.0,2.0,3.0,3.0,1,1.0,3.0,2.0,1.0,1,1.0,1.0,5.0,3.0
486,54,Female,South,1,0.0,3.0,4.0,3.0,0,,,,,0,,,,
487,43,Female,East,1,1.0,3.0,1.0,2.0,1,1.0,3.0,4.0,3.0,1,1.0,1.0,1.0,4.0
488,40,Female,East,1,0.0,2.0,4.0,4.0,0,,,,,1,1.0,1.0,4.0,1.0
489,76,Female,North,2,1.0,4.0,1.0,5.0,1,0.0,4.0,4.0,3.0,0,,,,
490,29,Female,South,1,1.0,4.0,2.0,1.0,1,0.0,10.0,3.0,1.0,1,1.0,8.0,2.0,5.0
491,18,Male,East,0,,,,,0,,,,,0,,,,
492,18,Male,West,1,0.0,1.0,2.0,5.0,0,,,,,1,1.0,2.0,3.0,1.0
493,64,Male,East,1,1.0,5.0,1.0,4.0,0,,,,,0,,,,
494,51,Male,North,1,1.0,3.0,3.0,1.0,1,0.0,1.0,3.0,4.0,1,1.0,2.0,3.0,2.0
495,49,Female,West,1,1.0,2.0,2.0,1.0,1,0.0,2.0,4.0,1.0,1,0.0,4.0,1.0,3.0
496,65,Female,North,1,1.0,4.0,1.0,4.0,1,0.0,4.0,2.0,1.0,1,1.0,4.0,2.0,4.0
497,42,Male,East,0,,,,,0,,,,,1,0.0,5.0,2.0,5.0
498,57,Male,West,0,,,,,1,1.0,4.0,3.0,5.0,1,1.0,3.0,5.0,4.0
499,62,Female,South,1,1.0,1.0,2.0,1.0,1,0.0,1.0,4.0,1.0,1,0.0,2.0,2.0,4.0
500,18,Male,South,1,1.0,4.0,4.0,2.0,1,0.0,2.0,4.0,1.0,1,0.0,1.0,2.0,4.0
501,33,Female,West,1,0.0,3.0,4.0,4.0,1,1.0,1.0,1.0,2.0,1,0.0,5.0,2.0,5.0
502,56,Female,West,1,1.0,3.0,2.0,1.0,0,,,,,1,1.0,5.0,1.0,1.0
503,22,Female,North,1,1.0,2.0,5.0,4.0,0,,,,,1,1.0,3.0,2.0,4.0
504,39,Female,West,1,0.0,4.0,4.0,5.0,0,,,,,1,1.0,5.0,4.0,4.0
505,46,Female,North,0,,,,,0,,,,,2,0.0,5.0,1.0,1.0
506,20,Male,East,0,,,,,0,,,,,1,1.0,3.0,1.0,2.0
507,29,Female,North,1,0.0,5.0,2.0,5.0,0,,,,,0,,,,
508,43,Female,West,1,1.0,2.0,2.0,4.0,1,0.0,5.0,5.0,1.0,0,,,,
509,33,Male,West,0,,,,,1,1.0,5.0,4.0,5.0,0,,,,
510,68,Female,East,1,1.0,4.0,5.0,4.0,1,0.0,1.0,3.0,4.0,1,1.0,1.0,2.0,5.0
511,54,Female,West,1,1.0,5.0,4.0,1.0,1,1.0,1.0,2.0,3.0,1,1.0,5.0,2.0,5.0
512,39,Female,West,1,1.0,1.0,5.0,4.0,1,1.0,1.0,1.0,3.0,1,0.0,5.0,5.0,1.0
513,46,Female,South,1,1.0,2.0,3.0,5.0,0,,,,,1,0.0,1.0,4.0,2.0
514,31,Female,South,1,0.0,3.0,5.0,4.0,1,0.0,3.0,3.0,1.0,1,1.0,1.0,5.0,5.0
515,45,Female,East,0,,,,,0,,,,,1,1.0,5.0,5.0,3.0
516,22,Female,North,1,0.0,3.0,4.0,1.0,1,0.0,3.0,1.0,5.0,0,,,,
517,64,Female,South,1,0.0,5.0,4.0,1.0,0,,,,,2,,,,
518,66,Female,North,0,,,,,1,0.0,3.0,5.0,4.0,1,1.0,2.0,2.0,1.0
519,47,Female,West,1,0.0,4.0,2.0,5.0,0,,,,,1,0.0,2.0,4.0,5.0
520,63,Female,South,1,0.0,3.0,4.0,3.0,0,,,,,1,0.0,1.0,4.0,2.0
521,69,Male,East,1,1.0,3.0,1.0,5.0,1,1.0,4.0,5.0,3.0,0,,,,
522,22,Female,East,1,0.0,3.0,1.0,4.0,2,,,,,1,0.0,1.0,2.0,1.0
523,29,Female,East,0,,,,,1,0.0,2.0,1.0,2.0,0,,,,
524,33,Male,South,1,0.0,5.0,3.0,4.0,1,1.0,3.0,5.0,1.0,0,,,,
525,43,Female,North,1,0.0,5.0,1.0,5.0,1,0.0,4.0,3.0,3.0,0,,,,
526,43,Male,West,1,1.0,1.0,2.0,5.0,1,1.0,4.0,1.0,4.0,0,,,,
527,65,Male,North,0,,,,,1,0.0,2.0,3.0,1.0,0,,,,
528,38,Female,North,1,0.0,4.0,3.0,1.0,0,,,,,0,,,,
529,56,Other,West,1,1.0,1.0,4.0,4.0,1,0.0,5.0,3.0,4.0,1,1.0,2.0,5.0,3.0
530,53,Female,West,0,,,,,1,1.0,4.0,1.0,4.0,0,,,,
531,50,Female,South,0,,,,,1,0.0,1.0,2.0,4.0,0,,,,
532,47,Female,South,1,0.0,3.0,3.0,5.0,0,,,,,0,,,,
533,54,Male,South,1,1.0,2.0,3.0,4.0,1,1.0,1.0,5.0,4.0,1,1.0,5.0,2.0,4.0
534,40,Male,South,0,,,,,1,0.0,4.0,2.0,4.0,0,,,,
535,27,Female,South,1,1.0,3.0,1.0,2.0,1,1.0,5.0,4.0,1.0,1,0.0,5.0,4.0,2.0
536,22,Female,West,1,0.0,1.0,1.0,2.0,1,1.0,5.0,1.0,3.0,1,0.0,4.0,2.0,4.0
537,53,Female,North,1,0.0,4.0,5.0,3.0,0,,,,,0,,,,
538,51,Male,South,0,,,,,1,1.0,1.0,2.0,1.0,1,1.0,5.0,2.0,5.0
539,69,Female,South,1,0.0,3.0,4.0,3.0,1,0.0,4.0,1.0,1.0,0,,,,
540,48,Female,North,0,,,,,1,0.0,1.0,3.0,5.0,1,0.0,2.0,4.0,1.0
541,27,Female,South,1,0.0,3.0,4.0,4.0,1,0.0,1.0,3.0,3.0,1,0.0,5.0,4.0,1.0
542,36,Male,North,0,,,,,0,,,,,0,,,,
543,49,Female,North,0,,,,,1,0.0,1.0,2.0,1.0,0,,,,
544,18,Female,West,1,1.0,5.0,4.0,1.0,2,1.0,1.0,2.0,2.0,1,0.0,3.0,4.0,5.0
545,22,Female,East,2,,,,,1,0.0,2.0,4.0,5.0,1,1.0,1.0,3.0,2.0
546,62,Male,West,1,0.0,4.0,3.0,3.0,1,1.0,3.0,2.0,2.0,0,,,,
547,21,Female,East,0,,,,,0,,,,,1,0.0,4.0,4.0,1.0
548,33,Female,East,1,1.0,3.0,5.0,3.0,1,0.0,2.0,3.0,1.0,1,1.0,3.0,1.0,2.0
549,41,Male,East,0,,,,,0,,,,,1,1.0,4.0,1.0,4.0
550,33,Female,South,0,,,,,1,1.0,4.0,4.0,5.0,2,,,,
551,19,Female,West,2,,,,,1,1.0,5.0,1.0,4.0,1,0.0,2.0,5.0,5.0
552,66,Male,East,1,0.0,8.0,4.0,1.0,1,1.0,1.0,1.0,2.0,1,0.0,1.0,5.0,1.0
553,45,Male,North,1,1.0,4.0,4.0,5.0,1,0.0,10.0,5.0,4.0,0,,,,
554,49,Female,South,1,0.0,3.0,3.0,4.0,1,1.0,4.0,3.0,5.0,1,1.0,3.0,3.0,4.0
555,44,Male,West,1,1.0,2.0,2.0,3.0,1,1.0,3.0,3.0,2.0,1,1.0,8.0,1.0,4.0
556,37,Female,East,1,1.0,3.0,5.0,4.0,1,0.0,3.0,4.0,1.0,1,1.0,1.0,1.0,2.0
557,76,Male,North,0,,,,,0,,,,,0,,,,
558,29,Female,West,2,0.0,4.0,3.0,3.0,0,,,,,1,0.0,4.0,2.0,1.0
559,76,Male,West,1,1.0,3.0,2.0,2.0,0,,,,,1,0.0,5.0,1.0,4.0
560,52,Female,South,1,0.0,3.0,2.0,3.0,1,1.0,4.0,1.0,1.0,1,0.0,4.0,5.0,4.0
561,50,Female,West,1,0.0,8.0,1.0,2.0,0,,,,,0,,,,
562,50,Female,South,0,,,,,1,0.0,4.0,2.0,5.0,1,0.0,5.0,4.0,2.0
563,68,Female,East,1,1.0,1.0,3.0,3.0,1,1.0,5.0,2.0,1.0,1,1.0,2.0,2.0,1.0
564,60,Male,South,1,1.0,3.0,5.0,4.0,1,1.0,10.0,5.0,4.0,0,,,,
565,54,Female,North,1,0.0,4.0,2.0,4.0,1,0.0,2.0,4.0,2.0,1,0.0,2.0,3.0,2.0
566,29,Male,South,1,0.0,3.0,5.0,5.0,1,0.0,2.0,2.0,5.0,1,1.0,2.0,4.0,4.0
567,20,Male,North,0,,,,,0,,,,,0,,,,
568,18,Male,South,0,,,,,1,0.0,4.0,5.0,3.0,1,0.0,2.0,2.0,5.0
569,50,Female,West,1,1.0,5.0,1.0,5.0,1,1.0,3.0,5.0,4.0,1,0.0,5.0,1.0,4.0
570,57,Female,East,1,0.0,5.0,1.0,4.0,0,,,,,0,,,,
571,27,Female,North,0,,,,,1,0.0,4.0,4.0,1.0,0,,,,
572,60,Male,South,0,,,,,1,0.0,2.0,5.0,4.0,0,,,,
573,61,Male,South,0,,,,,1,0.0,5.0,5.0,4.0,0,,,,
574,46,Female,South,0,,,,,0,,,,,1,0.0,5.0,2.0,1.0
575,30,Male,West,1,1.0,4.0,3.0,1.0,1,1.0,10.0,2.0,2.0,0,,,,
576,29,Male,West,1,0.0,2.0,3.0,4.0,0,,,,,1,0.0,2.0,2.0,4.0
577,48,Other,North,0,,,,,0,,,,,1,1.0,5.0,5.0,2.0
578,63,Female,North,1,1.0,1.0,5.0,2.0,1,1.0,1.0,1.0,1.0,0,,,,
579,19,Female,West,0,,,,,1,1.0,2.0,3.0,2.0,1,0.0,2.0,5.0,5.0
580,68,Male,North,0,,,,,1,0.0,2.0,2.0,2.0,1,1.0,3.0,2.0,3.0
581,67,Male,East,1,1.0,8.0,1.0,2.0,0,,,,,1,0.0,2.0,1.0,5.0
582,52,Female,East,1,0.0,5.0,3.0,1.0,1,0.0,1.0,5.0,1.0,0,,,,
583,40,Female,West,2,1.0,3.0,4.0,1.0,1,0.0,10.0,5.0,2.0,0,,,,
584,34,Male,North,0,,,,,0,,,,,1,0.0,4.0,2.0,3.0
585,43,Female,South,1,0.0,4.0,5.0,5.0,1,0.0,3.0,1.0,5.0,1,1.0,5.0,3.0,4.0
586,25,Male,East,1,0.0,1.0,3.0,2.0,0,,,,,1,1.0,4.0,4.0,1.0
587,46,Male,West,1,0.0,5.0,4.0,2.0,1,1.0,4.0,2.0,1.0,1,0.0,3.0,1.0,3.0
588,43,Female,North,1,1.0,1.0,2.0,1.0,1,0.0,5.0,5.0,1.0,0,,,,
589,27,Male,West,1,1.0,1.0,1.0,2.0,0,,,,,1,1.0,1.0,2.0,5.0
590,76,Female,South,0,,,,,0,,,,,0,,,,
591,51,Male,East,0,,,,,0,,,,,0,,,,
592,68,Male,West,0,,,,,0,,,,,1,1.0,4.0,1.0,1.0
593,58,Female,West,0,,,,,1,1.0,4.0,3.0,1.0,0,,,,
594,24,Male,West,1,1.0,1.0,5.0,2.0,1,1.0,5.0,2.0,3.0,2,1.0,1.0,2.0,1.0
595,21,Female,South,1,1.0,3.0,4.0,1.0,0,,,,,1,0.0,5.0,4.0,2.0
596,67,Other,West,1,0.0,4.0,5.0,4.0,0,,,,,0,,,,
597,76,Male,South,0,,,,,1,0.0,4.0,1.0,5.0,1,0.0,3.0,3.0,3.0
598,28,Male,South,1,1.0,4.0,1.0,4.0,1,1.0,2.0,2.0,2.0,1,0.0,1.0,1.0,3.0
599,46,Female,South,1,0.0,2.0,4.0,1.0,0,,,,,1,1.0,4.0,1.0,3.0
600,53,Male,East,1,0.0,2.0,1.0,5.0,0,,,,,0,,,,
601,42,Female,East,1,0.0,5.0,3.0,4.0,1,1.0,5.0,3.0,1.0,0,,,,
602,38,Male,West,1,1.0,4.0,3.0,3.0,0,,,,,1,1.0,4.0,1.0,3.0
603,53,Female,West,1,0.0,1.0,2.0,4.0,2,,,,,0,,,,
604,27,Male,East,0,,,,,1,1.0,10.0,5.0,3.0,0,,,,
605,54,Female,North,1,1.0,5.0,3.0,3.0,1,1.0,4.0,2.0,5.0,1,1.0,3.0,3.0,5.0
606,26,Female,East,0,,,,,1,0.0,3.0,4.0,3.0,0,,,,
607,41,Female,South,0,,,,,1,0.0,5.0,3.0,2.0,2,0.0,2.0,2.0,3.0
608,52,Female,East,0,,,,,1,0.0,2.0,5.0,4.0,0,,,,
609,66,Female,South,1,0.0,4.0,5.0,1.0,0,,,,,1,1.0,4.0,2.0,3.0
610,52,Female,West,1,0.0,2.0,1.0,4.0,1,1.0,10.0,4.0,4.0,1,0.0,1.0,5.0,4.0
611,65,Other,North,1,1.0,3.0,2.0,4.0,0,,,,,0,,,,
612,53,Male,West,0,,,,,0,,,,,0,,,,
613,35,Female,South,1,1.0,4.0,2.0,2.0,1,1.0,5.0,1.0,4.0,1,0.0,1.0,5.0,1.0
614,66,Female,South,1,0.0,5.0,1.0,2.0,1,1.0,5.0,5.0,3.0,1,0.0,2.0,5.0,1.0
615,56,Female,South,2,1.0,2.0,5.0,4.0,1,0.0,4.0,2.0,1.0,1,1.0,4.0,3.0,3.0
616,49,Other,North,1,1.0,3.0,5.0,2.0,1,0.0,3.0,2.0,1.0,0,,,,
617,41,Male,East,0,,,,,0,,,,,0,,,,
618,76,Male,West,0,,,,,0,,,,,1,0.0,1.0,4.0,5.0
619,49,Female,West,1,0.0,5.0,1.0,2.0,1,0.0,1.0,2.0,3.0,1,1.0,5.0,1.0,4.0
620,54,Male,East,0,,,,,1,0.0,1.0,2.0,1.0,1,0.0,3.0,2.0,3.0
621,29,Male,West,2,0.0,2.0,5.0,4.0,1,0.0,3.0,4.0,1.0,1,0.0,5.0,3.0,4.0
622,66,Female,North,1,1.0,3.0,1.0,5.0,1,0.0,3.0,2.0,3.0,1,0.0,4.0,1.0,5.0
623,30,Male,West,1,1.0,5.0,1.0,3.0,1,1.0,2.0,2.0,1.0,1,1.0,3.0,5.0,5.0
624,40,Female,South,0,,,,,1,0.0,3.0,5.0,3.0,0,,,,
625,42,Male,East,0,,,,,0,,,,,1,1.0,4.0,2.0,2.0
626,52,Female,North,0,,,,,1,0.0,4.0,2.0,2.0,1,0.0,2.0,3.0,1.0
627,58,Male,East,1,1.0,5.0,2.0,4.0,1,0.0,5.0,1.0,4.0,0,,,,
628,47,Male,North,1,0.0,5.0,4.0,2.0,0,,,,,2,0.0,1.0,2.0,4.0
629,34,Male,South,0,,,,,1,0.0,3.0,5.0,1.0,1,0.0,5.0,2.0,3.0
630,66,Male,East,1,0.0,3.0,2.0,4.0,0,,,,,1,0.0,5.0,5.0,4.0
631,37,Male,West,1,1.0,5.0,2.0,1.0,1,0.0,4.0,3.0,1.0,1,0.0,4.0,2.0,3.0
632,65,Male,North,0,,,,,0,,,,,1,0.0,3.0,5.0,5.0
633,42,Female,East,2,1.0,3.0,2.0,3.0,1,0.0,5.0,3.0,4.0,0,,,,
634,39,Male,West,1,1.0,3.0,2.0,4.0,0,,,,,1,1.0,4.0,3.0,4.0
635,30,Female,East,0,,,,,1,0.0,2.0,4.0,5.0,1,1.0,3.0,3.0,1.0
636,36,Female,East,0,,,,,0,,,,,1,1.0,2.0,1.0,4.0
637,66,Female,East,1,0.0,2.0,5.0,2.0,0,,,,,0,,,,
638,53,Male,North,1,1.0,2.0,1.0,1.0,1,0.0,2.0,4.0,1.0,0,,,,
639,29,Female,West,1,0.0,3.0,4.0,4.0,1,1.0,2.0,3.0,1.0,1,0.0,1.0,2.0,4.0
640,58,Male,South,1,0.0,1.0,1.0,2.0,0,,,,,1,0.0,1.0,4.0,4.0
641,36,Male,North,0,,,,,0,,,,,1,1.0,1.0,3.0,4.0
642,29,Female,North,0,,,,,1,0.0,4.0,2.0,1.0,1,0.0,2.0,1.0,1.0
643,26,Male,North,1,0.0,5.0,5.0,2.0,1,0.0,4.0,4.0,1.0,1,0.0,4.0,1.0,2.0
644,24,Female,South,0,,,,,1,0.0,2.0,1.0,2.0,1,1.0,2.0,5.0,1.0
645,45,Female,West,0,,,,,0,,,,,1,1.0,4.0,4.0,1.0
646,31,Female,West,1,0.0,3.0,2.0,3.0,1,1.0,4.0,2.0,3.0,1,0.0,3.0,2.0,1.0
647,48,Other,West,1,0.0,2.0,5.0,3.0,0,,,,,1,1.0,1.0,5.0,3.0
648,69,Other,East,1,0.0,3.0,3.0,2.0,0,,,,,1,1.0,3.0,1.0,2.0
649,36,Male,East,1,1.0,8.0,3.0,4.0,1,0.0,3.0,2.0,1.0,1,0.0,1.0,2.0,3.0
650,64,Female,East,0,,,,,1,1.0,4.0,5.0,1.0,1,1.0,5.0,4.0,3.0
651,33,Male,South,2,0.0,5.0,5.0,3.0,1,0.0,3.0,2.0,3.0,0,,,,
652,22,Male,East,0,,,,,0,,,,,1,1.0,1.0,3.0,5.0
653,52,Male,South,1,0.0,2.0,4.0,4.0,1,1.0,3.0,1.0,4.0,0,,,,
654,29,Male,West,1,0.0,5.0,3.0,5.0,1,1.0,2.0,5.0,5.0,1,1.0,2.0,1.0,4.0
655,42,Male,East,1,1.0,5.0,3.0,1.0,1,0.0,3.0,3.0,1.0,1,1.0,2.0,1.0,4.0
656,69,Male,East,1,1.0,5.0,5.0,1.0,0,,,,,1,0.0,4.0,4.0,4.0
657,38,Female,North,1,0.0,2.0,1.0,1.0,0,,,,,1,0.0,4.0,2.0,5.0
658,53,Female,South,0,,,,,1,1.0,5.0,5.0,3.0,0,,,,
659,40,Female,West,1,0.0,4.0,1.0,2.0,1,1.0,4.0,2.0,5.0,1,1.0,8.0,4.0,5.0
660,33,Male,North,1,0.0,1.0,1.0,2.0,0,,,,,1,0.0,4.0,4.0,2.0
661,56,Male,North,0,,,,,1,1.0,4.0,2.0,2.0,2,0.0,8.0,4.0,4.0
662,62,Male,West,1,1.0,1.0,1.0,4.0,0,,,,,0,,,,
663,59,Female,North,1,1.0,1.0,4.0,1.0,1,1.0,2.0,2.0,1.0,1,0.0,2.0,5.0,4.0
664,56,Female,South,0,,,,,0,,,,,1,1.0,4.0,5.0,4.0
665,31,Male,South,1,0.0,3.0,5.0,3.0,1,1.0,5.0,4.0,5.0,1,1.0,3.0,1.0,1.0
666,48,Female,East,1,0.0,2.0,5.0,3.0,1,0.0,1.0,1.0,1.0,1,0.0,3.0,4.0,5.0
667,22,Male,North,1,1.0,4.0,2.0,3.0,0,,,,,1,0.0,2.0,4.0,3.0
668,52,Female,East,1,1.0,1.0,4.0,3.0,1,1.0,5.0,3.0,4.0,1,1.0,3.0,1.0,4.0
669,40,Female,North,2,1.0,3.0,1.0,4.0,1,0.0,5.0,1.0,1.0,1,0.0,1.0,2.0,1.0
670,46,Female,South,1,1.0,1.0,4.0,1.0,1,0.0,1.0,1.0,4.0,1,1.0,3.0,1.0,1.0
671,60,Female,South,1,1.0,3.0,2.0,5.0,1,0.0,1.0,1.0,1.0,0,,,,
672,28,Female,South,0,,,,,0,,,,,1,0.0,3.0,5.0,2.0
673,35,Male,North,1,0.0,5.0,1.0,4.0,0,,,,,1,0.0,2.0,3.0,2.0
674,64,Female,South,1,1.0,2.0,2.0,2.0,0,,,,,0,,,,
675,29,Male,North,0,,,,,0,,,,,0,,,,
676,26,Female,East,1,1.0,5.0,2.0,4.0,0,,,,,1,0.0,2.0,4.0,1.0
677,27,Female,North,1,0.0,5.0,2.0,1.0,0,,,,,0,,,,
678,61,Female,East,0,,,,,1,0.0,2.0,2.0,3.0,1,0.0,4.0,3.0,3.0
679,34,Male,North,1,0.0,3.0,3.0,3.0,2,0.0,3.0,4.0,3.0,0,,,,
680,55,Female,East,1,0.0,5.0,2.0,5.0,0,,,,,0,,,,
681,24,Other,South,1,1.0,1.0,1.0,3.0,0,,,,,0,,,,
682,63,Other,East,0,,,,,1,0.0,2.0,2.0,1.0,0,,,,
683,30,Male,South,0,,,,,0,,,,,1,0.0,4.0,1.0,1.0
684,57,Male,South,1,0.0,8.0,2.0,4.0,0,,,,,1,0.0,2.0,5.0,1.0
685,59,Male,East,1,0.0,4.0,4.0,4.0,0,,,,,0,,,,
686,26,Male,North,0,,,,,2,1.0,1.0,4.0,4.0,1,1.0,2.0,4.0,5.0
687,67,Female,North,1,0.0,1.0,3.0,4.0,1,0.0,1.0,1.0,4.0,1,0.0,4.0,5.0,5.0
688,44,Male,West,0,,,,,1,1.0,4.0,2.0,3.0,1,0.0,3.0,3.0,3.0
689,19,Female,North,0,,,,,1,0.0,1.0,2.0,4.0,1,1.0,3.0,3.0,3.0
690,22,Male,West,1,0.0,4.0,5.0,1.0,1,0.0,2.0,5.0,2.0,1,1.0,4.0,3.0,2.0
691,46,Male,North,1,0.0,2.0,3.0,2.0,1,0.0,1.0,3.0,4.0,1,1.0,5.0,4.0,1.0
692,54,Female,North,0,,,,,1,1.0,5.0,2.0,1.0,1,1.0,3.0,5.0,5.0
693,55,Female,South,1,0.0,3.0,5.0,4.0,1,1.0,1.0,4.0,1.0,0,,,,
694,36,Female,West,0,,,,,0,,,,,1,1.0,1.0,2.0,5.0
695,25,Female,North,1,1.0,4.0,3.0,4.0,0,,,,,1,1.0,5.0,5.0,5.0
696,65,Female,West,1,0.0,4.0,5.0,2.0,2,1.0,1.0,4.0,5.0,1,1.0,1.0,5.0,2.0
697,62,Male,South,0,,,,,1,0.0,3.0,3.0,2.0,1,0.0,2.0,3.0,5.0
698,18,Female,South,0,,,,,1,0.0,2.0,3.0,4.0,1,1.0,5.0,5.0,5.0
699,39,Female,West,1,1.0,5.0,1.0,1.0,1,1.0,1.0,3.0,5.0,0,,,,
700,69,Female,South,1,0.0,3.0,3.0,3.0,1,0.0,5.0,5.0,5.0,1,0.0,2.0,1.0,1.0
701,34,Male,East,1,0.0,5.0,3.0,2.0,0,,,,,1,0.0,8.0,5.0,1.0
702,24,Female,East,0,,,,,1,1.0,4.0,3.0,4.0,1,1.0,4.0,4.0,5.0
703,42,Male,South,1,0.0,1.0,5.0,1.0,1,0.0,1.0,3.0,4.0,1,0.0,3.0,3.0,3.0
704,62,Male,East,1,0.0,3.0,5.0,4.0,1,1.0,1.0,5.0,3.0,1,1.0,4.0,5.0,4.0
705,21,Male,North,1,1.0,3.0,3.0,2.0,1,1.0,3.0,1.0,5.0,0,,,,
706,53,Male,West,1,0.0,2.0,4.0,3.0,1,0.0,3.0,3.0,5.0,1,0.0,5.0,2.0,1.0
707,23,Female,North,1,1.0,3.0,1.0,5.0,0,,,,,1,0.0,3.0,4.0,2.0
708,48,Female,West,1,0.0,1.0,5.0,2.0,1,1.0,1.0,3.0,4.0,1,0.0,4.0,3.0,4.0
709,36,Female,South,1,1.0,5.0,5.0,1.0,0,,,,,0,,,,
710,61,Male,North,1,0.0,4.0,5.0,5.0,1,1.0,5.0,2.0,1.0,1,0.0,1.0,1.0,4.0
711,56,Male,South,1,1.0,1.0,4.0,1.0,1,1.0,3.0,2.0,1.0,1,1.0,5.0,3.0,5.0
712,44,Male,South,0,,,,,1,0.0,2.0,2.0,4.0,1,0.0,2.0,2.0,5.0
713,27,Female,West,1,1.0,1.0,2.0,2.0,1,0.0,4.0,4.0,3.0,1,0.0,5.0,4.0,2.0
714,43,Male,West,1,0.0,3.0,1.0,5.0,1,0.0,2.0,1.0,5.0,1,1.0,4.0,1.0,2.0
715,36,Female,West,1,1.0,5.0,3.0,2.0,1,0.0,1.0,5.0,3.0,0,,,,
716,56,Other,North,0,,,,,0,,,,,0,,,,
717,20,Male,East,0,,,,,1,0.0,3.0,2.0,2.0,1,0.0,3.0,3.0,1.0
718,62,Female,West,2,1.0,3.0,5.0,3.0,1,1.0,10.0,2.0,5.0,1,1.0,5.0,1.0,5.0
719,30,Female,West,0,,,,,1,0.0,1.0,3.0,4.0,0,,,,
720,67,Female,North,2,0.0,8.0,2.0,1.0,0,,,,,0,,,,
721,45,Female,West,0,,,,,1,0.0,3.0,1.0,3.0,0,,,,
722,37,Male,North,0,,,,,1,0.0,2.0,5.0,2.0,1,0.0,3.0,4.0,3.0
723,45,Male,South,0,,,,,0,,,,,0,,,,
724,25,Female,West,0,,,,,0,,,,,1,1.0,5.0,1.0,2.0
725,58,Female,West,1,1.0,5.0,5.0,3.0,0,,,,,1,1.0,8.0,4.0,3.0
726,56,Male,South,0,,,,,1,1.0,2.0,3.0,1.0,0,,,,
727,18,Female,South,1,1.0,1.0,4.0,1.0,1,1.0,3.0,1.0,5.0,1,1.0,3.0,5.0,2.0
728,20,Female,South,1,0.0,1.0,4.0,3.0,1,1.0,4.0,5.0,3.0,0,,,,
729,30,Female,West,1,1.0,1.0,2.0,5.0,0,,,,,1,0.0,1.0,3.0,4.0
730,45,Male,East,1,0.0,3.0,1.0,3.0,1,1.0,3.0,1.0,3.0,0,,,,
731,66,Female,East,1,0.0,1.0,2.0,3.0,0,,,,,1,1.0,3.0,4.0,1.0
732,42,Female,East,1,0.0,2.0,4.0,2.0,1,1.0,3.0,1.0,1.0,1,1.0,5.0,1.0,4.0
733,50,Male,West,0,,,,,1,1.0,1.0,4.0,5.0,0,,,,
734,55,Male,South,1,1.0,1.0,5.0,5.0,0,,,,,0,,,,
735,23,Female,West,1,1.0,5.0,2.0,1.0,1,0.0,4.0,3.0,4.0,1,1.0,2.0,2.0,1.0
736,61,Male,South,1,1.0,3.0,2.0,2.0,0,,,,,0,,,,
737,62,Female,West,1,1.0,1.0,4.0,2.0,1,0.0,2.0,1.0,1.0,2,1.0,4.0,1.0,5.0
738,49,Female,West,1,1.0,4.0,5.0,1.0,1,0.0,2.0,4.0,5.0,1,0.0,1.0,5.0,4.0
739,62,Male,South,1,0.0,4.0,1.0,5.0,1,1.0,1.0,5.0,3.0,1,1.0,3.0,3.0,5.0
740,64,Female,East,1,0.0,2.0,4.0,1.0,0,,,,,1,0.0,4.0,2.0,5.0
741,38,Male,South,1,1.0,3.0,1.0,4.0,0,,,,,1,0.0,4.0,1.0,4.0
742,33,Female,North,0,,,,,1,0.0,4.0,2.0,3.0,1,1.0,3.0,3.0,2.0
743,38,Male,North,1,0.0,5.0,4.0,2.0,0,,,,,2,1.0,5.0,1.0,2.0
744,28,Female,South,0,,,,,1,1.0,3.0,5.0,1.0,0,,,,
745,54,Male,West,0,,,,,1,1.0,2.0,5.0,4.0,0,,,,
746,76,Male,North,1,0.0,2.0,5.0,5.0,0,,,,,1,0.0,4.0,5.0,2.0
747,52,Female,North,0,,,,,0,,,,,1,1.0,4.0,2.0,1.0
748,36,Male,West,0,,,,,1,1.0,4.0,5.0,4.0,1,0.0,5.0,1.0,5.0
749,37,Female,West,0,,,,,1,0.0,5.0,4.0,1.0,0,,,,
750,35,Male,East,1,1.0,2.0,5.0,2.0,1,1.0,3.0,2.0,2.0,1,1.0,3.0,2.0,4.0
751,64,Female,West,1,0.0,1.0,3.0,1.0,1,1.0,2.0,1.0,3.0,0,,,,
752,58,Male,South,1,1.0,5.0,3.0,3.0,1,1.0,5.0,2.0,3.0,0,,,,
753,66,Female,South,1,0.0,5.0,2.0,5.0,0,,,,,1,0.0,1.0,5.0,5.0
754,31,Male,East,1,1.0,5.0,4.0,5.0,1,1.0,1.0,3.0,3.0,0,,,,
755,32,Male,North,0,,,,,1,0.0,3.0,5.0,1.0,2,0.0,1.0,2.0,4.0
756,48,Male,North,1,1.0,4.0,1.0,4.0,0,,,,,1,0.0,2.0,2.0,1.0
757,18,Male,West,1,0.0,2.0,4.0,5.0,0,,,,,1,1.0,1.0,4.0,5.0
758,20,Female,South,1,0.0,5.0,2.0,3.0,0,,,,,1,1.0,4.0,2.0,5.0
759,33,Male,North,0,,,,,0,,,,,0,,,,
760,40,Other,East,1,0.0,1.0,2.0,4.0,1,0.0,4.0,5.0,5.0,0,,,,
761,28,Male,East,1,1.0,1.0,5.0,2.0,1,1.0,2.0,4.0,1.0,1,1.0,2.0,3.0,4.0
762,29,Male,South,0,,,,,0,,,,,1,0.0,1.0,2.0,4.0
763,27,Female,East,1,0.0,5.0,2.0,4.0,0,,,,,1,1.0,2.0,1.0,1.0
764,49,Female,East,0,,,,,1,1.0,2.0,3.0,1.0,0,,,,
765,33,Male,South,0,,,,,1,1.0,3.0,5.0,1.0,1,1.0,4.0,1.0,2.0
766,25,Male,West,1,1.0,3.0,2.0,3.0,1,0.0,4.0,5.0,5.0,1,1.0,2.0,2.0,4.0
767,55,Male,West,0,,,,,0,,,,,1,0.0,4.0,3.0,1.0
768,29,Female,East,1,1.0,3.0,4.0,5.0,1,0.0,5.0,2.0,1.0,1,1.0,1.0,3.0,5.0
769,41,Female,West,1,0.0,3.0,4.0,3.0,1,1.0,3.0,3.0,1.0,0,,,,
770,45,Male,West,0,,,,,0,,,,,0,,,,
771,25,Female,East,1,1.0,1.0,4.0,1.0,0,,,,,1,1.0,2.0,4.0,3.0
772,45,Female,West,0,,,,,0,,,,,1,0.0,3.0,1.0,1.0
773,53,Female,East,0,,,,,0,,,,,0,,,,
774,43,Female,North,0,,,,,1,0.0,4.0,3.0,1.0,1,1.0,2.0,1.0,4.0
775,25,Male,South,0,,,,,1,1.0,5.0,3.0,1.0,0,,,,
776,67,Male,South,0,,,,,1,1.0,1.0,1.0,3.0,0,,,,
777,45,Male,West,1,1.0,3.0,1.0,3.0,1,1.0,4.0,1.0,5.0,0,,,,
778,45,Male,West,1,1.0,4.0,3.0,1.0,1,1.0,1.0,4.0,3.0,0,,,,
779,54,Female,West,0,,,,,1,1.0,1.0,1.0,5.0,1,1.0,4.0,4.0,5.0
780,58,Female,South,1,0.0,3.0,2.0,4.0,1,0.0,1.0,1.0,5.0,1,1.0,1.0,1.0,4.0
781,53,Male,North,1,1.0,4.0,3.0,2.0,0,,,,,0,,,,
782,44,Male,North,1,0.0,5.0,5.0,3.0,1,1.0,2.0,2.0,1.0,0,,,,
783,34,Male,South,1,1.0,2.0,4.0,1.0,1,0.0,5.0,3.0,3.0,1,0.0,3.0,3.0,2.0
784,26,Female,North,2,,,,,0,,,,,0,,,,
785,50,Male,South,0,,,,,1,1.0,4.0,2.0,1.0,1,0.0,4.0,2.0,3.0
786,37,Female,North,1,1.0,2.0,5.0,1.0,1,1.0,3.0,5.0,5.0,0,,,,
787,30,Male,East,1,0.0,1.0,3.0,2.0,1,0.0,2.0,1.0,5.0,1,1.0,2.0,1.0,3.0
788,45,Male,East,0,,,,,1,1.0,3.0,5.0,4.0,0,,,,
789,65,Female,South,1,0.0,3.0,2.0,4.0,1,0.0,5.0,5.0,4.0,0,,,,
790,46,Female,North,1,0.0,3.0,5.0,3.0,1,1.0,5.0,1.0,5.0,0,,,,
791,30,Male,West,1,1.0,5.0,3.0,3.0,1,0.0,4.0,5.0,4.0,0,,,,
792,63,Female,North,1,1.0,3.0,1.0,5.0,1,1.0,10.0,5.0,1.0,1,1.0,2.0,1.0,3.0
793,52,Female,East,1,0.0,5.0,4.0,3.0,1,0.0,5.0,2.0,2.0,1,0.0,3.0,5.0,5.0
794,23,Female,East,1,0.0,3.0,5.0,3.0,1,1.0,1.0,4.0,2.0,0,,,,
795,35,Male,North,1,0.0,3.0,4.0,1.0,1,0.0,1.0,4.0,5.0,0,,,,
796,68,Female,North,1,0.0,3.0,2.0,5.0,1,0.0,2.0,2.0,4.0,1,0.0,4.0,4.0,5.0
797,22,Female,West,0,,,,,1,1.0,10.0,1.0,2.0,1,0.0,1.0,5.0,2.0
798,64,Female,West,1,0.0,2.0,4.0,5.0,0,,,,,1,0.0,4.0,4.0,2.0
799,42,Male,North,1,0.0,3.0,1.0,3.0,0,,,,,1,1.0,3.0,1.0,1.0
800,19,Male,North,0,,,,,0,,,,,1,1.0,1.0,4.0,1.0
801,27,Male,North,1,1.0,5.0,3.0,4.0,1,0.0,3.0,4.0,3.0,1,1.0,3.0,3.0,1.0
802,47,Female,North,1,0.0,3.0,4.0,5.0,0,,,,,1,1.0,3.0,2.0,4.0
803,67,Male,South,1,0.0,1.0,4.0,4.0,0,,,,,1,1.0,3.0,2.0,1.0
804,62,Female,North,0,,,,,1,1.0,1.0,2.0,3.0,0,,,,
805,22,Other,West,0,,,,,0,,,,,0,,,,
806,50,Male,East,1,0.0,2.0,2.0,2.0,1,1.0,2.0,5.0,3.0,0,,,,
807,18,Female,South,0,,,,,0,,,,,1,0.0,4.0,5.0,5.0
808,35,Male,North,1,0.0,3.0,2.0,4.0,1,1.0,1.0,2.0,1.0,1,0.0,4.0,4.0,4.0
809,49,Female,East,1,0.0,3.0,5.0,1.0,1,0.0,2.0,5.0,3.0,1,1.0,5.0,2.0,4.0
810,64,Male,South,0,,,,,1,0.0,3.0,1.0,5.0,0,,,,
811,66,Female,East,1,1.0,5.0,4.0,1.0,1,0.0,4.0,2.0,5.0,1,1.0,4.0,3.0,3.0
812,28,Female,North,1,0.0,1.0,2.0,4.0,1,0.0,1.0,1.0,1.0,1,0.0,3.0,4.0,2.0
813,38,Female,North,1,1.0,1.0,5.0,2.0,0,,,,,0,,,,
814,43,Female,West,1,1.0,5.0,5.0,1.0,0,,,,,1,1.0,5.0,1.0,5.0
815,42,Female,North,1,1.0,3.0,2.0,1.0,0,,,,,1,1.0,3.0,3.0,2.0
816,39,Female,North,1,0.0,1.0,5.0,4.0,1,1.0,10.0,4.0,2.0,1,1.0,5.0,4.0,4.0
817,44,Female,South,1,0.0,5.0,5.0,3.0,1,0.0,2.0,5.0,1.0,1,0.0,5.0,1.0,3.0
818,66,Female,West,1,0.0,2.0,2.0,1.0,1,1.0,1.0,4.0,4.0,1,0.0,2.0,3.0,2.0
819,30,Male,South,1,0.0,1.0,2.0,2.0,0,,,,,1,0.0,4.0,5.0,2.0
820,50,Female,East,1,1.0,5.0,2.0,1.0,1,0.0,3.0,2.0,2.0,1,1.0,3.0,2.0,3.0
821,51,Female,North,1,0.0,1.0,5.0,5.0,1,1.0,4.0,1.0,5.0,1,0.0,3.0,1.0,1.0
822,58,Female,East,1,1.0,3.0,1.0,5.0,1,0.0,1.0,1.0,3.0,0,,,,
823,52,Male,South,0,,,,,1,0.0,4.0,2.0,3.0,1,0.0,1.0,2.0,4.0
824,18,Female,North,1,1.0,8.0,5.0,2.0,2,,,,,0,,,,
825,38,Male,North,0,,,,,1,0.0,1.0,5.0,4.0,1,0.0,3.0,5.0,1.0
826,65,Female,South,0,,,,,1,0.0,1.0,4.0,2.0,1,1.0,2.0,2.0,5.0
827,23,Male,South,0,,,,,0,,,,,1,1.0,5.0,1.0,5.0
828,45,Female,South,1,0.0,8.0,1.0,3.0,0,,,,,1,0.0,5.0,5.0,5.0
829,34,Female,South,1,1.0,2.0,5.0,3.0,1,0.0,4.0,4.0,1.0,0,,,,
830,22,Male,South,1,1.0,1.0,2.0,1.0,1,1.0,4.0,3.0,4.0,1,0.0,3.0,1.0,3.0
831,48,Female,North,1,0.0,1.0,1.0,4.0,1,0.0,3.0,3.0,4.0,0,,,,
832,22,Male,South,1,1.0,5.0,2.0,3.0,0,,,,,0,,,,
833,55,Female,North,1,0.0,3.0,1.0,4.0,1,0.0,3.0,5.0,1.0,1,1.0,2.0,1.0,3.0
834,20,Female,North,1,1.0,1.0,4.0,4.0,1,0.0,1.0,3.0,1.0,0,,,,
835,40,Female,South,1,1.0,2.0,2.0,2.0,1,1.0,1.0,5.0,2.0,1,1.0,3.0,3.0,2.0
836,54,Female,South,0,,,,,1,0.0,3.0,1.0,1.0,1,0.0,4.0,3.0,3.0
837,54,Female,West,1,1.0,1.0,5.0,2.0,0,,,,,1,1.0,4.0,1.0,3.0
838,27,Other,North,1,1.0,5.0,1.0,5.0,1,1.0,1.0,5.0,3.0,2,0.0,8.0,5.0,3.0
839,27,Male,South,1,0.0,5.0,2.0,1.0,1,1.0,2.0,1.0,2.0,0,,,,
840,36,Female,South,0,,,,,1,0.0,3.0,5.0,3.0,0,,,,
841,34,Female,South,1,0.0,2.0,3.0,2.0,1,1.0,1.0,2.0,5.0,1,0.0,1.0,3.0,2.0
842,38,Female,West,0,,,,,1,0.0,3.0,2.0,2.0,1,1.0,2.0,4.0,2.0
843,31,Female,West,1,1.0,2.0,4.0,3.0,1,0.0,1.0,2.0,5.0,1,0.0,2.0,2.0,2.0
844,26,Male,East,1,0.0,2.0,2.0,2.0,1,0.0,1.0,3.0,5.0,1,0.0,4.0,1.0,4.0
845,63,Female,North,1,0.0,4.0,1.0,4.0,1,0.0,1.0,3.0,4.0,0,,,,
846,18,Male,East,0,,,,,1,0.0,4.0,1.0,5.0,2,1.0,5.0,3.0,3.0
847,68,Female,South,1,1.0,3.0,5.0,5.0,1,1.0,3.0,1.0,5.0,1,0.0,2.0,2.0,5.0
848,62,Male,West,1,1.0,1.0,3.0,4.0,1,1.0,5.0,4.0,1.0,0,,,,
849,30,Male,West,1,1.0,3.0,3.0,4.0,1,0.0,3.0,1.0,1.0,0,,,,
850,21,Male,East,1,1.0,3.0,1.0,1.0,0,,,,,0,,,,
851,18,Male,West,0,,,,,1,1.0,2.0,4.0,1.0,2,,,,
852,66,Female,South,1,0.0,3.0,1.0,4.0,0,,,,,1,1.0,3.0,1.0,4.0
853,57,Male,West,1,0.0,5.0,3.0,4.0,1,0.0,2.0,2.0,5.0,0,,,,
854,49,Male,East,1,1.0,5.0,3.0,1.0,0,,,,,0,,,,
855,51,Male,South,0,,,,,1,0.0,3.0,4.0,5.0,0,,,,
856,45,Male,East,1,1.0,2.0,1.0,2.0,1,0.0,2.0,3.0,5.0,1,0.0,1.0,1.0,4.0
857,48,Male,West,1,0.0,2.0,1.0,1.0,1,1.0,3.0,2.0,5.0,1,0.0,5.0,1.0,5.0
858,25,Male,East,1,0.0,3.0,3.0,1.0,1,0.0,3.0,2.0,1.0,0,,,,
859,56,Female,East,0,,,,,0,,,,,0,,,,
860,43,Female,North,1,1.0,2.0,3.0,2.0,1,0.0,1.0,2.0,5.0,0,,,,
861,51,Female,West,0,,,,,0,,,,,1,1.0,1.0,2.0,1.0
862,20,Male,West,0,,,,,1,0.0,1.0,4.0,1.0,0,,,,
863,67,Male,East,0,,,,,1,0.0,4.0,2.0,2.0,1,0.0,5.0,1.0,1.0
864,29,Female,North,1,0.0,1.0,4.0,5.0,1,0.0,3.0,3.0,5.0,1,0.0,5.0,1.0,4.0
865,18,Female,West,1,0.0,5.0,1.0,3.0,0,,,,,1,1.0,4.0,5.0,2.0
866,61,Male,South,1,0.0,3.0,5.0,5.0,0,,,,,0,,,,
867,22,Male,East,0,,,,,2,1.0,10.0,1.0,1.0,1,1.0,3.0,4.0,3.0
868,47,Male,West,1,1.0,4.0,3.0,5.0,1,1.0,4.0,5.0,5.0,1,0.0,2.0,3.0,3.0
869,47,Male,South,1,1.0,2.0,4.0,1.0,1,0.0,5.0,1.0,3.0,0,,,,
870,34,Male,West,1,1.0,2.0,3.0,1.0,1,1.0,5.0,5.0,1.0,1,1.0,8.0,3.0,5.0
871,65,Female,South,1,0.0,3.0,4.0,5.0,1,1.0,1.0,1.0,3.0,0,,,,
872,64,Other,East,0,,,,,0,,,,,0,,,,
873,40,Female,West,1,0.0,4.0,2.0,5.0,1,1.0,5.0,2.0,2.0,0,,,,
874,32,Female,West,0,,,,,1,1.0,5.0,5.0,5.0,1,1.0,5.0,5.0,4.0
875,54,Female,North,1,1.0,3.0,2.0,2.0,0,,,,,1,1.0,2.0,4.0,5.0
876,38,Female,East,0,,,,,1,1.0,5.0,3.0,2.0,2,1.0,4.0,5.0,1.0
877,31,Other,South,0,,,,,0,,,,,0,,,,
878,19,Male,West,1,1.0,5.0,1.0,5.0,1,1.0,4.0,2.0,2.0,1,0.0,3.0,2.0,1.0
879,28,Male,West,1,1.0,1.0,4.0,1.0,0,,,,,0,,,,
880,68,Male,South,0,,,,,1,0.0,1.0,5.0,5.0,1,0.0,5.0,4.0,4.0
881,56,Female,East,1,1.0,5.0,2.0,3.0,0,,,,,0,,,,
882,55,Female,North,1,1.0,5.0,1.0,2.0,1,0.0,1.0,3.0,3.0,0,,,,
883,51,Male,North,0,,,,,1,0.0,4.0,3.0,3.0,1,0.0,4.0,1.0,4.0
884,55,Female,West,1,0.0,4.0,3.0,2.0,1,0.0,2.0,3.0,3.0,0,,,,
885,67,Male,South,0,,,,,1,0.0,4.0,1.0,5.0,1,0.0,1.0,2.0,3.0
886,51,Female,West,1,0.0,4.0,5.0,3.0,1,1.0,4.0,1.0,3.0,1,0.0,5.0,1.0,3.0
887,35,Male,South,1,0.0,5.0,5.0,2.0,0,,,,,1,0.0,4.0,3.0,3.0
888,47,Other,North,0,,,,,0,,,,,1,0.0,4.0,4.0,3.0
889,32,Female,East,0,,,,,0,,,,,1,1.0,2.0,1.0,4.0
890,44,Male,South,1,0.0,2.0,1.0,5.0,1,0.0,4.0,3.0,1.0,0,,,,
891,68,Male,North,1,1.0,3.0,3.0,5.0,1,0.0,3.0,3.0,5.0,2,0.0,2.0,4.0,3.0
892,51,Male,West,1,1.0,1.0,1.0,1.0,1,1.0,4.0,1.0,4.0,2,0.0,2.0,5.0,1.0
893,69,Female,South,1,0.0,3.0,2.0,2.0,1,0.0,1.0,5.0,5.0,0,,,,
894,55,Other,East,1,0.0,1.0,1.0,5.0,0,,,,,0,,,,
895,50,Other,West,0,,,,,0,,,,,1,0.0,4.0,1.0,5.0
896,41,Female,West,1,1.0,4.0,2.0,2.0,0,,,,,1,1.0,2.0,2.0,3.0
897,32,Female,North,1,1.0,4.0,5.0,4.0,1,1.0,3.0,4.0,4.0,1,1.0,2.0,4.0,5.0
898,47,Male,South,0,,,,,2,,,,,0,,,,
899,59,Male,West,0,,,,,0,,,,,1,1.0,3.0,4.0,4.0
900,68,Male,East,0,,,,,1,0.0,4.0,3.0,1.0,0,,,,
901,34,Male,South,1,0.0,1.0,2.0,3.0,1,0.0,5.0,4.0,2.0,1,1.0,4.0,1.0,4.0
902,22,Female,East,1,0.0,2.0,3.0,4.0,0,,,,,1,0.0,1.0,2.0,1.0
903,46,Male,West,0,,,,,0,,,,,0,,,,
904,21,Female,East,1,1.0,1.0,3.0,4.0,0,,,,,1,1.0,8.0,5.0,2.0
905,27,Female,North,0,,,,,1,1.0,5.0,3.0,2.0,1,1.0,1.0,5.0,3.0
906,34,Male,East,1,0.0,3.0,2.0,2.0,1,1.0,5.0,5.0,5.0,1,1.0,4.0,3.0,5.0
907,27,Female,South,0,,,,,0,,,,,1,0.0,2.0,1.0,1.0
908,34,Male,East,1,1.0,4.0,2.0,5.0,0,,,,,1,1.0,5.0,3.0,4.0
909,37,Female,East,1,0.0,1.0,4.0,2.0,1,0.0,2.0,4.0,3.0,1,1.0,4.0,4.0,2.0
910,41,Female,North,1,0.0,3.0,2.0,1.0,1,0.0,5.0,2.0,3.0,0,,,,
911,22,Female,East,1,0.0,3.0,5.0,1.0,0,,,,,0,,,,
912,51,Female,East,0,,,,,1,0.0,3.0,3.0,4.0,0,,,,
913,23,Male,West,1,0.0,1.0,1.0,5.0,0,,,,,1,1.0,4.0,5.0,2.0
914,19,Female,West,0,,,,,1,1.0,4.0,3.0,1.0,1,1.0,1.0,1.0,5.0
915,30,Female,South,0,,,,,1,1.0,2.0,5.0,5.0,0,,,,
916,60,Female,West,1,0.0,2.0,1.0,4.0,1,1.0,3.0,3.0,4.0,1,1.0,2.0,3.0,5.0
917,60,Female,West,0,,,,,1,1.0,4.0,5.0,2.0,1,0.0,5.0,3.0,3.0
918,65,Female,West,0,,,,,1,0.0,3.0,2.0,1.0,1,0.0,5.0,5.0,3.0
919,28,Male,West,1,1.0,1.0,4.0,1.0,1,1.0,1.0,4.0,4.0,1,1.0,4.0,1.0,4.0
920,68,Male,North,1,0.0,5.0,2.0,2.0,1,0.0,2.0,2.0,1.0,1,1.0,4.0,2.0,1.0
921,64,Female,West,1,0.0,5.0,5.0,2.0,1,1.0,1.0,4.0,1.0,0,,,,
922,40,Other,North,0,,,,,2,1.0,1.0,4.0,1.0,0,,,,
923,33,Other,North,0,,,,,1,1.0,5.0,1.0,5.0,1,0.0,4.0,2.0,4.0
924,48,Female,West,1,0.0,5.0,2.0,5.0,0,,,,,0,,,,
925,28,Male,East,0,,,,,1,1.0,2.0,4.0,5.0,0,,,,
926,33,Male,North,0,,,,,1,0.0,3.0,4.0,5.0,1,0.0,2.0,1.0,4.0
927,25,Female,East,1,0.0,2.0,2.0,4.0,1,0.0,1.0,2.0,3.0,0,,,,
928,21,Other,East,1,0.0,5.0,2.0,1.0,0,,,,,1,1.0,5.0,5.0,2.0
929,57,Female,West,1,0.0,1.0,5.0,4.0,1,0.0,5.0,5.0,1.0,0,,,,
930,21,Male,South,0,,,,,1,0.0,5.0,2.0,3.0,1,1.0,4.0,4.0,1.0
931,42,Female,West,0,,,,,0,,,,,0,,,,
932,20,Male,South,1,1.0,3.0,4.0,3.0,1,0.0,2.0,3.0,5.0,0,,,,
933,49,Female,South,0,,,,,0,,,,,1,0.0,3.0,1.0,4.0
934,20,Male,West,1,1.0,8.0,5.0,3.0,0,,,,,1,0.0,3.0,1.0,2.0
935,44,Female,West,1,0.0,4.0,5.0,3.0,1,0.0,3.0,5.0,5.0,1,0.0,1.0,1.0,2.0
936,46,Male,South,1,1.0,4.0,2.0,1.0,1,1.0,2.0,4.0,1.0,1,1.0,2.0,1.0,4.0
937,49,Female,West,0,,,,,1,1.0,4.0,3.0,5.0,0,,,,
938,67,Female,South,0,,,,,0,,,,,1,0.0,1.0,2.0,3.0
939,68,Male,East,1,1.0,2.0,4.0,1.0,1,0.0,5.0,1.0,3.0,1,0.0,3.0,2.0,3.0
940,36,Male,West,1,1.0,5.0,3.0,2.0,0,,,,,1,1.0,1.0,4.0,5.0
941,38,Male,East,1,0.0,2.0,3.0,1.0,0,,,,,0,,,,
942,22,Female,North,0,,,,,0,,,,,1,0.0,4.0,4.0,4.0
943,35,Female,East,0,,,,,1,0.0,5.0,4.0,1.0,1,0.0,2.0,2.0,5.0
944,45,Female,East,1,1.0,1.0,4.0,1.0,1,1.0,2.0,3.0,3.0,0,,,,
945,59,Male,South,1,1.0,3.0,3.0,1.0,1,1.0,1.0,3.0,4.0,1,1.0,2.0,2.0,2.0
946,76,Male,East,1,0.0,2.0,3.0,4.0,2,1.0,1.0,4.0,1.0,0,,,,
947,38,Female,West,0,,,,,0,,,,,1,0.0,5.0,2.0,5.0
948,23,Female,South,1,1.0,5.0,4.0,5.0,1,1.0,5.0,1.0,2.0,1,0.0,1.0,2.0,1.0
949,18,Female,North,1,1.0,1.0,1.0,1.0,1,0.0,4.0,5.0,5.0,1,1.0,1.0,3.0,5.0
950,22,Male,West,1,1.0,2.0,5.0,4.0,1,0.0,4.0,4.0,2.0,1,0.0,4.0,3.0,4.0
951,58,Female,North,1,1.0,4.0,1.0,3.0,0,,,,,0,,,,
952,29,Male,East,0,,,,,1,1.0,3.0,3.0,2.0,1,0.0,4.0,4.0,1.0
953,43,Male,West,1,1.0,2.0,1.0,2.0,1,0.0,1.0,3.0,4.0,1,0.0,3.0,5.0,1.0
954,63,Female,West,0,,,,,1,1.0,1.0,1.0,5.0,0,,,,
955,51,Female,North,1,0.0,5.0,4.0,3.0,1,0.0,4.0,2.0,1.0,1,0.0,2.0,1.0,5.0
956,66,Female,West,1,1.0,4.0,5.0,2.0,0,,,,,1,1.0,4.0,4.0,2.0
957,31,Male,West,1,0.0,2.0,4.0,1.0,1,0.0,5.0,3.0,3.0,0,,,,
958,43,Male,West,2,1.0,2.0,4.0,1.0,0,,,,,0,,,,
959,76,Female,East,0,,,,,1,0.0,2.0,1.0,2.0,0,,,,
960,44,Female,North,1,0.0,2.0,4.0,2.0,1,0.0,2.0,5.0,3.0,1,1.0,2.0,3.0,5.0
961,26,Other,West,1,0.0,4.0,4.0,2.0,0,,,,,1,0.0,4.0,4.0,4.0
962,43,Male,South,0,,,,,1,1.0,4.0,3.0,3.0,1,1.0,1.0,4.0,2.0
963,64,Male,South,0,,,,,1,0.0,4.0,1.0,4.0,1,1.0,2.0,3.0,1.0
964,39,Female,South,1,1.0,1.0,5.0,1.0,0,,,,,1,0.0,5.0,3.0,2.0
965,64,Male,South,0,,,,,1,0.0,4.0,2.0,4.0,1,0.0,1.0,2.0,3.0
966,47,Male,East,1,1.0,4.0,2.0,4.0,0,,,,,0,,,,
967,60,Male,West,1,1.0,3.0,3.0,4.0,1,1.0,5.0,1.0,3.0,1,0.0,2.0,2.0,1.0
968,65,Male,North,1,1.0,2.0,4.0,3.0,1,0.0,1.0,1.0,3.0,1,1.0,1.0,4.0,4.0
969,34,Male,West,0,,,,,1,1.0,5.0,3.0,3.0,1,0.0,2.0,2.0,1.0
970,43,Female,East,1,1.0,4.0,5.0,5.0,1,1.0,5.0,3.0,2.0,1,1.0,5.0,4.0,2.0
971,53,Male,South,1,1.0,4.0,2.0,4.0,1,0.0,5.0,4.0,1.0,1,1.0,3.0,2.0,5.0
972,18,Female,East,0,,,,,1,1.0,2.0,1.0,4.0,1,1.0,3.0,1.0,1.0
973,25,Male,West,1,1.0,3.0,5.0,3.0,0,,,,,0,,,,
974,66,Female,North,1,1.0,3.0,4.0,3.0,1,1.0,3.0,3.0,5.0,1,1.0,1.0,5.0,2.0
975,52,Female,East,2,0.0,3.0,5.0,3.0,1,1.0,2.0,5.0,1.0,0,,,,
976,69,Female,North,2,,,,,0,,,,,1,1.0,3.0,2.0,1.0
977,32,Female,East,1,0.0,3.0,3.0,2.0,1,0.0,3.0,2.0,2.0,0,,,,
978,64,Male,North,0,,,,,1,0.0,4.0,1.0,4.0,0,,,,
979,39,Male,North,0,,,,,1,1.0,4.0,2.0,2.0,0,,,,
980,31,Female,South,1,0.0,5.0,5.0,1.0,0,,,,,1,0.0,3.0,5.0,3.0
981,43,Female,North,1,0.0,3.0,5.0,1.0,0,,,,,0,,,,
982,45,Female,South,0,,,,,0,,,,,1,1.0,3.0,1.0,5.0
983,40,Female,West,0,,,,,1,1.0,4.0,1.0,2.0,1,0.0,3.0,4.0,1.0
984,31,Female,West,2,,,,,0,,,,,0,,,,
985,41,Male,South,0,,,,,1,1.0,3.0,1.0,3.0,0,,,,
986,19,Male,South,0,,,,,0,,,,,1,1.0,5.0,3.0,4.0
987,62,Female,East,0,,,,,1,0.0,2.0,5.0,2.0,1,1.0,1.0,5.0,1.0
988,43,Female,East,1,1.0,5.0,5.0,1.0,1,1.0,4.0,4.0,1.0,1,1.0,2.0,2.0,2.0
989,31,Male,East,1,0.0,2.0,5.0,3.0,1,1.0,2.0,3.0,2.0,1,1.0,5.0,1.0,1.0
990,68,Female,West,1,0.0,2.0,4.0,4.0,0,,,,,0,,,,
991,24,Male,East,1,0.0,2.0,1.0,2.0,1,0.0,4.0,3.0,5.0,0,,,,
992,20,Female,North,0,,,,,0,,,,,0,,,,
993,64,Other,North,1,1.0,1.0,1.0,3.0,1,1.0,3.0,3.0,2.0,1,1.0,2.0,5.0,5.0
994,40,Male,East,1,1.0,3.0,1.0,4.0,1,0.0,5.0,1.0,1.0,1,1.0,3.0,5.0,5.0
995,63,Female,North,1,0.0,4.0,2.0,5.0,0,,,,,1,0.0,5.0,5.0,1.0
996,60,Male,West,1,1.0,2.0,5.0,1.0,1,0.0,3.0,4.0,5.0,0,,,,
997,64,Female,North,1,1.0,2.0,5.0,3.0,1,1.0,3.0,4.0,5.0,0,,,,
998,62,Female,West,1,1.0,4.0,1.0,2.0,0,,,,,0,,,,
999,35,Female,South,0,,,,,1,1.0,1.0,4.0,5.0,1,1.0,5.0,1.0,3.0
1000,55,Male,South,1,1.0,5.0,3.0,3.0,0,,,,,0,,,,
